<annotation>
	<folder>INSECT12C</folder>
	<filename>img1621.jpg</filename>
	<path>C:\INSECT12C\img1621.jpg</path>
	<source>
		<database>Unknown</database>
	</source>
	<size>
		<width>600</width>
		<height>800</height>
		<depth>3</depth>
	</size>
	<segmented>0</segmented>
	<object>
		<name>Gastropoda</name>
		<pose>Unspecified</pose>
		<truncated>0</truncated>
		<difficult>0</difficult>
		<bndbox>
			<xmin>244</xmin>
			<ymin>713</ymin>
			<xmax>305</xmax>
			<ymax>774</ymax>
		</bndbox>
	</object>
	<object>
		<name>Edessa_meditabunda</name>
		<pose>Unspecified</pose>
		<truncated>0</truncated>
		<difficult>0</difficult>
		<bndbox>
			<xmin>231</xmin>
			<ymin>302</ymin>
			<xmax>322</xmax>
			<ymax>380</ymax>
		</bndbox>
	</object>
</annotation>
