<annotation>
	<folder>INSECT12C</folder>
	<filename>img1643.jpg</filename>
	<path>C:\INSECT12C\img1643.jpg</path>
	<source>
		<database>Unknown</database>
	</source>
	<size>
		<width>800</width>
		<height>600</height>
		<depth>3</depth>
	</size>
	<segmented>0</segmented>
	<object>
		<name>Euschistus_heros_ninfa</name>
		<pose>Unspecified</pose>
		<truncated>0</truncated>
		<difficult>0</difficult>
		<bndbox>
			<xmin>255</xmin>
			<ymin>273</ymin>
			<xmax>292</xmax>
			<ymax>304</ymax>
		</bndbox>
	</object>
	<object>
		<name>Euschistus_heros_ninfa</name>
		<pose>Unspecified</pose>
		<truncated>0</truncated>
		<difficult>0</difficult>
		<bndbox>
			<xmin>520</xmin>
			<ymin>280</ymin>
			<xmax>558</xmax>
			<ymax>316</ymax>
		</bndbox>
	</object>
</annotation>
