<annotation>
	<folder>INSECT12C</folder>
	<filename>img1597.jpg</filename>
	<path>C:\INSECT12C\img1597.jpg</path>
	<source>
		<database>Unknown</database>
	</source>
	<size>
		<width>600</width>
		<height>800</height>
		<depth>3</depth>
	</size>
	<segmented>0</segmented>
	<object>
		<name>Euschistus_heros_adulto</name>
		<pose>Unspecified</pose>
		<truncated>0</truncated>
		<difficult>0</difficult>
		<bndbox>
			<xmin>431</xmin>
			<ymin>445</ymin>
			<xmax>474</xmax>
			<ymax>483</ymax>
		</bndbox>
	</object>
	<object>
		<name>Gastropoda</name>
		<pose>Unspecified</pose>
		<truncated>0</truncated>
		<difficult>0</difficult>
		<bndbox>
			<xmin>211</xmin>
			<ymin>364</ymin>
			<xmax>281</xmax>
			<ymax>427</ymax>
		</bndbox>
	</object>
</annotation>
