<annotation>
	<folder>INSECT12C</folder>
	<filename>img1522.jpg</filename>
	<path>C:\INSECT12C\img1522.jpg</path>
	<source>
		<database>Unknown</database>
	</source>
	<size>
		<width>600</width>
		<height>800</height>
		<depth>3</depth>
	</size>
	<segmented>0</segmented>
	<object>
		<name>Euschistus_heros_ninfa</name>
		<pose>Unspecified</pose>
		<truncated>0</truncated>
		<difficult>0</difficult>
		<bndbox>
			<xmin>182</xmin>
			<ymin>371</ymin>
			<xmax>223</xmax>
			<ymax>406</ymax>
		</bndbox>
	</object>
	<object>
		<name>Euschistus_heros_ninfa</name>
		<pose>Unspecified</pose>
		<truncated>0</truncated>
		<difficult>0</difficult>
		<bndbox>
			<xmin>77</xmin>
			<ymin>666</ymin>
			<xmax>106</xmax>
			<ymax>690</ymax>
		</bndbox>
	</object>
	<object>
		<name>Lagria_villosa</name>
		<pose>Unspecified</pose>
		<truncated>0</truncated>
		<difficult>0</difficult>
		<bndbox>
			<xmin>258</xmin>
			<ymin>236</ymin>
			<xmax>322</xmax>
			<ymax>302</ymax>
		</bndbox>
	</object>
</annotation>
