<annotation>
	<folder>INSECT12C</folder>
	<filename>img1539.jpg</filename>
	<path>C:\INSECT12C\img1539.jpg</path>
	<source>
		<database>Unknown</database>
	</source>
	<size>
		<width>600</width>
		<height>800</height>
		<depth>3</depth>
	</size>
	<segmented>0</segmented>
	<object>
		<name>Euschistus_heros_ninfa</name>
		<pose>Unspecified</pose>
		<truncated>0</truncated>
		<difficult>0</difficult>
		<bndbox>
			<xmin>36</xmin>
			<ymin>514</ymin>
			<xmax>84</xmax>
			<ymax>559</ymax>
		</bndbox>
	</object>
	<object>
		<name>Euschistus_heros_adulto</name>
		<pose>Unspecified</pose>
		<truncated>0</truncated>
		<difficult>0</difficult>
		<bndbox>
			<xmin>306</xmin>
			<ymin>372</ymin>
			<xmax>376</xmax>
			<ymax>455</ymax>
		</bndbox>
	</object>
</annotation>
