<annotation>
	<folder>INSECT12C</folder>
	<filename>img1565.jpg</filename>
	<path>C:\INSECT12C\img1565.jpg</path>
	<source>
		<database>Unknown</database>
	</source>
	<size>
		<width>600</width>
		<height>800</height>
		<depth>3</depth>
	</size>
	<segmented>0</segmented>
	<object>
		<name>Euschistus_heros_ninfa</name>
		<pose>Unspecified</pose>
		<truncated>0</truncated>
		<difficult>0</difficult>
		<bndbox>
			<xmin>220</xmin>
			<ymin>326</ymin>
			<xmax>267</xmax>
			<ymax>370</ymax>
		</bndbox>
	</object>
	<object>
		<name>Nezara_viridula_adulto</name>
		<pose>Unspecified</pose>
		<truncated>0</truncated>
		<difficult>0</difficult>
		<bndbox>
			<xmin>467</xmin>
			<ymin>311</ymin>
			<xmax>508</xmax>
			<ymax>350</ymax>
		</bndbox>
	</object>
</annotation>
