<annotation>
	<folder>INSECT12C</folder>
	<filename>img1521.jpg</filename>
	<path>C:\INSECT12C\img1521.jpg</path>
	<source>
		<database>Unknown</database>
	</source>
	<size>
		<width>600</width>
		<height>800</height>
		<depth>3</depth>
	</size>
	<segmented>0</segmented>
	<object>
		<name>Diabrotica_speciosa</name>
		<pose>Unspecified</pose>
		<truncated>0</truncated>
		<difficult>0</difficult>
		<bndbox>
			<xmin>257</xmin>
			<ymin>505</ymin>
			<xmax>283</xmax>
			<ymax>533</ymax>
		</bndbox>
	</object>
	<object>
		<name>Euschistus_heros_adulto</name>
		<pose>Unspecified</pose>
		<truncated>0</truncated>
		<difficult>0</difficult>
		<bndbox>
			<xmin>239</xmin>
			<ymin>357</ymin>
			<xmax>286</xmax>
			<ymax>406</ymax>
		</bndbox>
	</object>
	<object>
		<name>Spodoptera_albula</name>
		<pose>Unspecified</pose>
		<truncated>0</truncated>
		<difficult>0</difficult>
		<bndbox>
			<xmin>246</xmin>
			<ymin>315</ymin>
			<xmax>331</xmax>
			<ymax>361</ymax>
		</bndbox>
	</object>
</annotation>
