<annotation>
	<folder>INSECT12C</folder>
	<filename>img1612.jpg</filename>
	<path>C:\INSECT12C\img1612.jpg</path>
	<source>
		<database>Unknown</database>
	</source>
	<size>
		<width>600</width>
		<height>800</height>
		<depth>3</depth>
	</size>
	<segmented>0</segmented>
	<object>
		<name>Euschistus_heros_ninfa</name>
		<pose>Unspecified</pose>
		<truncated>0</truncated>
		<difficult>0</difficult>
		<bndbox>
			<xmin>199</xmin>
			<ymin>315</ymin>
			<xmax>236</xmax>
			<ymax>355</ymax>
		</bndbox>
	</object>
	<object>
		<name>Euschistus_heros_ninfa</name>
		<pose>Unspecified</pose>
		<truncated>0</truncated>
		<difficult>0</difficult>
		<bndbox>
			<xmin>256</xmin>
			<ymin>155</ymin>
			<xmax>284</xmax>
			<ymax>182</ymax>
		</bndbox>
	</object>
</annotation>
