<annotation>
	<folder>INSECT12C</folder>
	<filename>img1507.jpg</filename>
	<path>C:\INSECT12C\img1507.jpg</path>
	<source>
		<database>Unknown</database>
	</source>
	<size>
		<width>800</width>
		<height>600</height>
		<depth>3</depth>
	</size>
	<segmented>0</segmented>
	<object>
		<name>Euschistus_heros_adulto</name>
		<pose>Unspecified</pose>
		<truncated>0</truncated>
		<difficult>0</difficult>
		<bndbox>
			<xmin>336</xmin>
			<ymin>283</ymin>
			<xmax>430</xmax>
			<ymax>379</ymax>
		</bndbox>
	</object>
	<object>
		<name>Euschistus_heros_ninfa</name>
		<pose>Unspecified</pose>
		<truncated>0</truncated>
		<difficult>0</difficult>
		<bndbox>
			<xmin>277</xmin>
			<ymin>66</ymin>
			<xmax>319</xmax>
			<ymax>105</ymax>
		</bndbox>
	</object>
</annotation>
