<annotation>
	<folder>INSECT12C</folder>
	<filename>img1619.jpg</filename>
	<path>C:\INSECT12C\img1619.jpg</path>
	<source>
		<database>Unknown</database>
	</source>
	<size>
		<width>600</width>
		<height>800</height>
		<depth>3</depth>
	</size>
	<segmented>0</segmented>
	<object>
		<name>Euschistus_heros_adulto</name>
		<pose>Unspecified</pose>
		<truncated>0</truncated>
		<difficult>0</difficult>
		<bndbox>
			<xmin>234</xmin>
			<ymin>718</ymin>
			<xmax>271</xmax>
			<ymax>759</ymax>
		</bndbox>
	</object>
	<object>
		<name>Euschistus_heros_adulto</name>
		<pose>Unspecified</pose>
		<truncated>0</truncated>
		<difficult>0</difficult>
		<bndbox>
			<xmin>437</xmin>
			<ymin>550</ymin>
			<xmax>472</xmax>
			<ymax>598</ymax>
		</bndbox>
	</object>
	<object>
		<name>Nezara_viridula_adulto</name>
		<pose>Unspecified</pose>
		<truncated>0</truncated>
		<difficult>0</difficult>
		<bndbox>
			<xmin>227</xmin>
			<ymin>418</ymin>
			<xmax>293</xmax>
			<ymax>480</ymax>
		</bndbox>
	</object>
</annotation>
