<annotation>
	<folder>INSECT12C</folder>
	<filename>img1633.jpg</filename>
	<path>C:\INSECT12C\img1633.jpg</path>
	<source>
		<database>Unknown</database>
	</source>
	<size>
		<width>600</width>
		<height>800</height>
		<depth>3</depth>
	</size>
	<segmented>0</segmented>
	<object>
		<name>Gastropoda</name>
		<pose>Unspecified</pose>
		<truncated>0</truncated>
		<difficult>0</difficult>
		<bndbox>
			<xmin>246</xmin>
			<ymin>472</ymin>
			<xmax>305</xmax>
			<ymax>532</ymax>
		</bndbox>
	</object>
</annotation>
