<annotation>
	<folder>INSECT12C</folder>
	<filename>img1626.jpg</filename>
	<path>C:\INSECT12C\img1626.jpg</path>
	<source>
		<database>Unknown</database>
	</source>
	<size>
		<width>800</width>
		<height>600</height>
		<depth>3</depth>
	</size>
	<segmented>0</segmented>
	<object>
		<name>Euschistus_heros_adulto</name>
		<pose>Unspecified</pose>
		<truncated>0</truncated>
		<difficult>0</difficult>
		<bndbox>
			<xmin>291</xmin>
			<ymin>273</ymin>
			<xmax>385</xmax>
			<ymax>356</ymax>
		</bndbox>
	</object>
	<object>
		<name>Euschistus_heros_adulto</name>
		<pose>Unspecified</pose>
		<truncated>1</truncated>
		<difficult>0</difficult>
		<bndbox>
			<xmin>405</xmin>
			<ymin>543</ymin>
			<xmax>487</xmax>
			<ymax>600</ymax>
		</bndbox>
	</object>
</annotation>
