<annotation>
	<folder>INSECT12C</folder>
	<filename>img1584.jpg</filename>
	<path>C:\INSECT12C\img1584.jpg</path>
	<source>
		<database>Unknown</database>
	</source>
	<size>
		<width>600</width>
		<height>800</height>
		<depth>3</depth>
	</size>
	<segmented>0</segmented>
	<object>
		<name>Coccinellidae</name>
		<pose>Unspecified</pose>
		<truncated>0</truncated>
		<difficult>0</difficult>
		<bndbox>
			<xmin>227</xmin>
			<ymin>298</ymin>
			<xmax>242</xmax>
			<ymax>324</ymax>
		</bndbox>
	</object>
	<object>
		<name>Coccinellidae</name>
		<pose>Unspecified</pose>
		<truncated>0</truncated>
		<difficult>0</difficult>
		<bndbox>
			<xmin>240</xmin>
			<ymin>302</ymin>
			<xmax>265</xmax>
			<ymax>325</ymax>
		</bndbox>
	</object>
</annotation>
