<annotation>
	<folder>INSECT12C</folder>
	<filename>img1636.jpg</filename>
	<path>C:\INSECT12C\img1636.jpg</path>
	<source>
		<database>Unknown</database>
	</source>
	<size>
		<width>600</width>
		<height>800</height>
		<depth>3</depth>
	</size>
	<segmented>0</segmented>
	<object>
		<name>Gastropoda</name>
		<pose>Unspecified</pose>
		<truncated>0</truncated>
		<difficult>0</difficult>
		<bndbox>
			<xmin>481</xmin>
			<ymin>558</ymin>
			<xmax>538</xmax>
			<ymax>634</ymax>
		</bndbox>
	</object>
</annotation>
