<annotation>
	<folder>INSECT12C</folder>
	<filename>img1528.jpg</filename>
	<path>C:\INSECT12C\img1528.jpg</path>
	<source>
		<database>Unknown</database>
	</source>
	<size>
		<width>600</width>
		<height>800</height>
		<depth>3</depth>
	</size>
	<segmented>0</segmented>
	<object>
		<name>Euschistus_heros_adulto</name>
		<pose>Unspecified</pose>
		<truncated>0</truncated>
		<difficult>0</difficult>
		<bndbox>
			<xmin>244</xmin>
			<ymin>332</ymin>
			<xmax>288</xmax>
			<ymax>370</ymax>
		</bndbox>
	</object>
	<object>
		<name>Euschistus_heros_ninfa</name>
		<pose>Unspecified</pose>
		<truncated>0</truncated>
		<difficult>0</difficult>
		<bndbox>
			<xmin>249</xmin>
			<ymin>387</ymin>
			<xmax>286</xmax>
			<ymax>424</ymax>
		</bndbox>
	</object>
</annotation>
