<annotation>
	<folder>INSECT12C</folder>
	<filename>img1577.jpg</filename>
	<path>C:\INSECT12C\img1577.jpg</path>
	<source>
		<database>Unknown</database>
	</source>
	<size>
		<width>600</width>
		<height>800</height>
		<depth>3</depth>
	</size>
	<segmented>0</segmented>
	<object>
		<name>Euschistus_heros_ninfa</name>
		<pose>Unspecified</pose>
		<truncated>1</truncated>
		<difficult>0</difficult>
		<bndbox>
			<xmin>45</xmin>
			<ymin>755</ymin>
			<xmax>87</xmax>
			<ymax>800</ymax>
		</bndbox>
	</object>
	<object>
		<name>Euschistus_heros_adulto</name>
		<pose>Unspecified</pose>
		<truncated>0</truncated>
		<difficult>0</difficult>
		<bndbox>
			<xmin>258</xmin>
			<ymin>296</ymin>
			<xmax>344</xmax>
			<ymax>386</ymax>
		</bndbox>
	</object>
</annotation>
