<annotation>
	<folder>INSECT12C</folder>
	<filename>img1592.jpg</filename>
	<path>C:\INSECT12C\img1592.jpg</path>
	<source>
		<database>Unknown</database>
	</source>
	<size>
		<width>600</width>
		<height>800</height>
		<depth>3</depth>
	</size>
	<segmented>0</segmented>
	<object>
		<name>Euschistus_heros_adulto</name>
		<pose>Unspecified</pose>
		<truncated>0</truncated>
		<difficult>0</difficult>
		<bndbox>
			<xmin>237</xmin>
			<ymin>144</ymin>
			<xmax>305</xmax>
			<ymax>222</ymax>
		</bndbox>
	</object>
	<object>
		<name>Euschistus_heros_adulto</name>
		<pose>Unspecified</pose>
		<truncated>0</truncated>
		<difficult>0</difficult>
		<bndbox>
			<xmin>273</xmin>
			<ymin>220</ymin>
			<xmax>334</xmax>
			<ymax>268</ymax>
		</bndbox>
	</object>
</annotation>
