<annotation>
	<folder>INSECT12C</folder>
	<filename>img1558.jpg</filename>
	<path>C:\INSECT12C\img1558.jpg</path>
	<source>
		<database>Unknown</database>
	</source>
	<size>
		<width>600</width>
		<height>800</height>
		<depth>3</depth>
	</size>
	<segmented>0</segmented>
	<object>
		<name>Euschistus_heros_adulto</name>
		<pose>Unspecified</pose>
		<truncated>0</truncated>
		<difficult>0</difficult>
		<bndbox>
			<xmin>450</xmin>
			<ymin>132</ymin>
			<xmax>482</xmax>
			<ymax>160</ymax>
		</bndbox>
	</object>
	<object>
		<name>Edessa_meditabunda</name>
		<pose>Unspecified</pose>
		<truncated>0</truncated>
		<difficult>0</difficult>
		<bndbox>
			<xmin>277</xmin>
			<ymin>504</ymin>
			<xmax>322</xmax>
			<ymax>535</ymax>
		</bndbox>
	</object>
</annotation>
