<annotation>
	<folder>INSECT12C</folder>
	<filename>img1506.jpg</filename>
	<path>C:\INSECT12C\img1506.jpg</path>
	<source>
		<database>Unknown</database>
	</source>
	<size>
		<width>800</width>
		<height>600</height>
		<depth>3</depth>
	</size>
	<segmented>0</segmented>
	<object>
		<name>Gastropoda</name>
		<pose>Unspecified</pose>
		<truncated>0</truncated>
		<difficult>0</difficult>
		<bndbox>
			<xmin>32</xmin>
			<ymin>214</ymin>
			<xmax>95</xmax>
			<ymax>303</ymax>
		</bndbox>
	</object>
	<object>
		<name>Euschistus_heros_ninfa</name>
		<pose>Unspecified</pose>
		<truncated>0</truncated>
		<difficult>0</difficult>
		<bndbox>
			<xmin>387</xmin>
			<ymin>291</ymin>
			<xmax>448</xmax>
			<ymax>352</ymax>
		</bndbox>
	</object>
</annotation>
