<annotation>
	<folder>INSECT12C</folder>
	<filename>img1650.jpg</filename>
	<path>C:\INSECT12C\img1650.jpg</path>
	<source>
		<database>Unknown</database>
	</source>
	<size>
		<width>800</width>
		<height>600</height>
		<depth>3</depth>
	</size>
	<segmented>0</segmented>
	<object>
		<name>Euschistus_heros_ninfa</name>
		<pose>Unspecified</pose>
		<truncated>0</truncated>
		<difficult>0</difficult>
		<bndbox>
			<xmin>349</xmin>
			<ymin>289</ymin>
			<xmax>378</xmax>
			<ymax>318</ymax>
		</bndbox>
	</object>
	<object>
		<name>Euschistus_heros_adulto</name>
		<pose>Unspecified</pose>
		<truncated>0</truncated>
		<difficult>0</difficult>
		<bndbox>
			<xmin>51</xmin>
			<ymin>115</ymin>
			<xmax>84</xmax>
			<ymax>147</ymax>
		</bndbox>
	</object>
</annotation>
