<annotation>
	<folder>INSECT12C</folder>
	<filename>img1598.jpg</filename>
	<path>C:\INSECT12C\img1598.jpg</path>
	<source>
		<database>Unknown</database>
	</source>
	<size>
		<width>600</width>
		<height>800</height>
		<depth>3</depth>
	</size>
	<segmented>0</segmented>
	<object>
		<name>Euschistus_heros_ninfa</name>
		<pose>Unspecified</pose>
		<truncated>0</truncated>
		<difficult>0</difficult>
		<bndbox>
			<xmin>270</xmin>
			<ymin>391</ymin>
			<xmax>314</xmax>
			<ymax>429</ymax>
		</bndbox>
	</object>
	<object>
		<name>Euschistus_heros_ninfa</name>
		<pose>Unspecified</pose>
		<truncated>0</truncated>
		<difficult>0</difficult>
		<bndbox>
			<xmin>163</xmin>
			<ymin>36</ymin>
			<xmax>201</xmax>
			<ymax>73</ymax>
		</bndbox>
	</object>
</annotation>
