<annotation>
	<folder>INSECT12C</folder>
	<filename>img1637.jpg</filename>
	<path>C:\INSECT12C\img1637.jpg</path>
	<source>
		<database>Unknown</database>
	</source>
	<size>
		<width>800</width>
		<height>600</height>
		<depth>3</depth>
	</size>
	<segmented>0</segmented>
	<object>
		<name>Euschistus_heros_ninfa</name>
		<pose>Unspecified</pose>
		<truncated>0</truncated>
		<difficult>0</difficult>
		<bndbox>
			<xmin>311</xmin>
			<ymin>147</ymin>
			<xmax>370</xmax>
			<ymax>202</ymax>
		</bndbox>
	</object>
	<object>
		<name>Lagria_villosa</name>
		<pose>Unspecified</pose>
		<truncated>0</truncated>
		<difficult>0</difficult>
		<bndbox>
			<xmin>370</xmin>
			<ymin>302</ymin>
			<xmax>425</xmax>
			<ymax>353</ymax>
		</bndbox>
	</object>
	<object>
		<name>Euschistus_heros_ninfa</name>
		<pose>Unspecified</pose>
		<truncated>0</truncated>
		<difficult>0</difficult>
		<bndbox>
			<xmin>704</xmin>
			<ymin>423</ymin>
			<xmax>731</xmax>
			<ymax>452</ymax>
		</bndbox>
	</object>
</annotation>
