<annotation>
	<folder>INSECT12C</folder>
	<filename>img1588.jpg</filename>
	<path>C:\INSECT12C\img1588.jpg</path>
	<source>
		<database>Unknown</database>
	</source>
	<size>
		<width>600</width>
		<height>800</height>
		<depth>3</depth>
	</size>
	<segmented>0</segmented>
	<object>
		<name>Euschistus_heros_ninfa</name>
		<pose>Unspecified</pose>
		<truncated>0</truncated>
		<difficult>0</difficult>
		<bndbox>
			<xmin>70</xmin>
			<ymin>227</ymin>
			<xmax>132</xmax>
			<ymax>289</ymax>
		</bndbox>
	</object>
	<object>
		<name>Euschistus_heros_adulto</name>
		<pose>Unspecified</pose>
		<truncated>0</truncated>
		<difficult>0</difficult>
		<bndbox>
			<xmin>198</xmin>
			<ymin>347</ymin>
			<xmax>257</xmax>
			<ymax>402</ymax>
		</bndbox>
	</object>
</annotation>
