<annotation>
	<folder>INSECT12C</folder>
	<filename>img1590.jpg</filename>
	<path>C:\INSECT12C\img1590.jpg</path>
	<source>
		<database>Unknown</database>
	</source>
	<size>
		<width>600</width>
		<height>800</height>
		<depth>3</depth>
	</size>
	<segmented>0</segmented>
	<object>
		<name>Euschistus_heros_ninfa</name>
		<pose>Unspecified</pose>
		<truncated>0</truncated>
		<difficult>0</difficult>
		<bndbox>
			<xmin>390</xmin>
			<ymin>506</ymin>
			<xmax>422</xmax>
			<ymax>536</ymax>
		</bndbox>
	</object>
	<object>
		<name>Rhammatocerus_schistocercoides</name>
		<pose>Unspecified</pose>
		<truncated>0</truncated>
		<difficult>0</difficult>
		<bndbox>
			<xmin>303</xmin>
			<ymin>272</ymin>
			<xmax>372</xmax>
			<ymax>336</ymax>
		</bndbox>
	</object>
</annotation>
