<annotation>
	<folder>INSECT12C</folder>
	<filename>img1554.jpg</filename>
	<path>C:\INSECT12C\img1554.jpg</path>
	<source>
		<database>Unknown</database>
	</source>
	<size>
		<width>600</width>
		<height>800</height>
		<depth>3</depth>
	</size>
	<segmented>0</segmented>
	<object>
		<name>Euschistus_heros_adulto</name>
		<pose>Unspecified</pose>
		<truncated>0</truncated>
		<difficult>0</difficult>
		<bndbox>
			<xmin>250</xmin>
			<ymin>524</ymin>
			<xmax>316</xmax>
			<ymax>582</ymax>
		</bndbox>
	</object>
	<object>
		<name>Euschistus_heros_ninfa</name>
		<pose>Unspecified</pose>
		<truncated>1</truncated>
		<difficult>0</difficult>
		<bndbox>
			<xmin>427</xmin>
			<ymin>761</ymin>
			<xmax>476</xmax>
			<ymax>800</ymax>
		</bndbox>
	</object>
</annotation>
