<annotation>
	<folder>INSECT12C</folder>
	<filename>img1634.jpg</filename>
	<path>C:\INSECT12C\img1634.jpg</path>
	<source>
		<database>Unknown</database>
	</source>
	<size>
		<width>600</width>
		<height>800</height>
		<depth>3</depth>
	</size>
	<segmented>0</segmented>
	<object>
		<name>Euschistus_heros_ninfa</name>
		<pose>Unspecified</pose>
		<truncated>0</truncated>
		<difficult>0</difficult>
		<bndbox>
			<xmin>478</xmin>
			<ymin>662</ymin>
			<xmax>512</xmax>
			<ymax>696</ymax>
		</bndbox>
	</object>
	<object>
		<name>Anticarsia_gemmatalis</name>
		<pose>Unspecified</pose>
		<truncated>0</truncated>
		<difficult>0</difficult>
		<bndbox>
			<xmin>224</xmin>
			<ymin>270</ymin>
			<xmax>276</xmax>
			<ymax>332</ymax>
		</bndbox>
	</object>
</annotation>
