<annotation>
	<folder>INSECT12C</folder>
	<filename>img1630.jpg</filename>
	<path>C:\INSECT12C\img1630.jpg</path>
	<source>
		<database>Unknown</database>
	</source>
	<size>
		<width>800</width>
		<height>600</height>
		<depth>3</depth>
	</size>
	<segmented>0</segmented>
	<object>
		<name>Anticarsia_gemmatalis</name>
		<pose>Unspecified</pose>
		<truncated>0</truncated>
		<difficult>0</difficult>
		<bndbox>
			<xmin>387</xmin>
			<ymin>334</ymin>
			<xmax>504</xmax>
			<ymax>405</ymax>
		</bndbox>
	</object>
	<object>
		<name>Euschistus_heros_ninfa</name>
		<pose>Unspecified</pose>
		<truncated>0</truncated>
		<difficult>0</difficult>
		<bndbox>
			<xmin>332</xmin>
			<ymin>18</ymin>
			<xmax>374</xmax>
			<ymax>60</ymax>
		</bndbox>
	</object>
</annotation>
