<annotation>
	<folder>INSECT12C</folder>
	<filename>img1628.jpg</filename>
	<path>C:\INSECT12C\img1628.jpg</path>
	<source>
		<database>Unknown</database>
	</source>
	<size>
		<width>600</width>
		<height>800</height>
		<depth>3</depth>
	</size>
	<segmented>0</segmented>
	<object>
		<name>Euschistus_heros_ninfa</name>
		<pose>Unspecified</pose>
		<truncated>0</truncated>
		<difficult>0</difficult>
		<bndbox>
			<xmin>296</xmin>
			<ymin>641</ymin>
			<xmax>338</xmax>
			<ymax>681</ymax>
		</bndbox>
	</object>
	<object>
		<name>Euschistus_heros_ninfa</name>
		<pose>Unspecified</pose>
		<truncated>0</truncated>
		<difficult>0</difficult>
		<bndbox>
			<xmin>291</xmin>
			<ymin>381</ymin>
			<xmax>343</xmax>
			<ymax>431</ymax>
		</bndbox>
	</object>
</annotation>
