<annotation>
	<folder>INSECT12C</folder>
	<filename>img1556.jpg</filename>
	<path>C:\INSECT12C\img1556.jpg</path>
	<source>
		<database>Unknown</database>
	</source>
	<size>
		<width>600</width>
		<height>800</height>
		<depth>3</depth>
	</size>
	<segmented>0</segmented>
	<object>
		<name>Diabrotica_speciosa</name>
		<pose>Unspecified</pose>
		<truncated>0</truncated>
		<difficult>0</difficult>
		<bndbox>
			<xmin>216</xmin>
			<ymin>325</ymin>
			<xmax>294</xmax>
			<ymax>407</ymax>
		</bndbox>
	</object>
	<object>
		<name>Diabrotica_speciosa</name>
		<pose>Unspecified</pose>
		<truncated>0</truncated>
		<difficult>0</difficult>
		<bndbox>
			<xmin>288</xmin>
			<ymin>297</ymin>
			<xmax>361</xmax>
			<ymax>372</ymax>
		</bndbox>
	</object>
</annotation>
