<annotation>
	<folder>INSECT12C</folder>
	<filename>img1620.jpg</filename>
	<path>C:\INSECT12C\img1620.jpg</path>
	<source>
		<database>Unknown</database>
	</source>
	<size>
		<width>600</width>
		<height>800</height>
		<depth>3</depth>
	</size>
	<segmented>0</segmented>
	<object>
		<name>Nezara_viridula_adulto</name>
		<pose>Unspecified</pose>
		<truncated>0</truncated>
		<difficult>0</difficult>
		<bndbox>
			<xmin>241</xmin>
			<ymin>445</ymin>
			<xmax>314</xmax>
			<ymax>518</ymax>
		</bndbox>
	</object>
	<object>
		<name>Euschistus_heros_ninfa</name>
		<pose>Unspecified</pose>
		<truncated>0</truncated>
		<difficult>0</difficult>
		<bndbox>
			<xmin>395</xmin>
			<ymin>378</ymin>
			<xmax>435</xmax>
			<ymax>416</ymax>
		</bndbox>
	</object>
</annotation>
