<annotation>
	<folder>INSECT12C</folder>
	<filename>img1625.jpg</filename>
	<path>C:\INSECT12C\img1625.jpg</path>
	<source>
		<database>Unknown</database>
	</source>
	<size>
		<width>600</width>
		<height>800</height>
		<depth>3</depth>
	</size>
	<segmented>0</segmented>
	<object>
		<name>Nezara_viridula_adulto</name>
		<pose>Unspecified</pose>
		<truncated>0</truncated>
		<difficult>0</difficult>
		<bndbox>
			<xmin>204</xmin>
			<ymin>298</ymin>
			<xmax>288</xmax>
			<ymax>394</ymax>
		</bndbox>
	</object>
	<object>
		<name>Euschistus_heros_ninfa</name>
		<pose>Unspecified</pose>
		<truncated>0</truncated>
		<difficult>0</difficult>
		<bndbox>
			<xmin>145</xmin>
			<ymin>410</ymin>
			<xmax>177</xmax>
			<ymax>448</ymax>
		</bndbox>
	</object>
</annotation>
