<annotation>
	<folder>INSECT12C</folder>
	<filename>img1610.jpg</filename>
	<path>C:\INSECT12C\img1610.jpg</path>
	<source>
		<database>Unknown</database>
	</source>
	<size>
		<width>800</width>
		<height>600</height>
		<depth>3</depth>
	</size>
	<segmented>0</segmented>
	<object>
		<name>Euschistus_heros_adulto</name>
		<pose>Unspecified</pose>
		<truncated>0</truncated>
		<difficult>0</difficult>
		<bndbox>
			<xmin>316</xmin>
			<ymin>327</ymin>
			<xmax>381</xmax>
			<ymax>390</ymax>
		</bndbox>
	</object>
	<object>
		<name>Euschistus_heros_adulto</name>
		<pose>Unspecified</pose>
		<truncated>0</truncated>
		<difficult>0</difficult>
		<bndbox>
			<xmin>381</xmin>
			<ymin>336</ymin>
			<xmax>428</xmax>
			<ymax>386</ymax>
		</bndbox>
	</object>
</annotation>
