<annotation>
	<folder>INSECT12C</folder>
	<filename>img1607.jpg</filename>
	<path>C:\INSECT12C\img1607.jpg</path>
	<source>
		<database>Unknown</database>
	</source>
	<size>
		<width>600</width>
		<height>800</height>
		<depth>3</depth>
	</size>
	<segmented>0</segmented>
	<object>
		<name>Euschistus_heros_ninfa</name>
		<pose>Unspecified</pose>
		<truncated>0</truncated>
		<difficult>0</difficult>
		<bndbox>
			<xmin>333</xmin>
			<ymin>138</ymin>
			<xmax>358</xmax>
			<ymax>160</ymax>
		</bndbox>
	</object>
	<object>
		<name>Euschistus_heros_adulto</name>
		<pose>Unspecified</pose>
		<truncated>0</truncated>
		<difficult>0</difficult>
		<bndbox>
			<xmin>80</xmin>
			<ymin>207</ymin>
			<xmax>112</xmax>
			<ymax>230</ymax>
		</bndbox>
	</object>
	<object>
		<name>Nezara_viridula_adulto</name>
		<pose>Unspecified</pose>
		<truncated>0</truncated>
		<difficult>0</difficult>
		<bndbox>
			<xmin>289</xmin>
			<ymin>324</ymin>
			<xmax>342</xmax>
			<ymax>386</ymax>
		</bndbox>
	</object>
	<object>
		<name>Euschistus_heros_adulto</name>
		<pose>Unspecified</pose>
		<truncated>0</truncated>
		<difficult>0</difficult>
		<bndbox>
			<xmin>431</xmin>
			<ymin>615</ymin>
			<xmax>463</xmax>
			<ymax>645</ymax>
		</bndbox>
	</object>
</annotation>
