<annotation>
	<folder>INSECT12C</folder>
	<filename>img1535.jpg</filename>
	<path>C:\INSECT12C\img1535.jpg</path>
	<source>
		<database>Unknown</database>
	</source>
	<size>
		<width>600</width>
		<height>800</height>
		<depth>3</depth>
	</size>
	<segmented>0</segmented>
	<object>
		<name>Euschistus_heros_adulto</name>
		<pose>Unspecified</pose>
		<truncated>0</truncated>
		<difficult>0</difficult>
		<bndbox>
			<xmin>378</xmin>
			<ymin>514</ymin>
			<xmax>416</xmax>
			<ymax>555</ymax>
		</bndbox>
	</object>
	<object>
		<name>Euschistus_heros_adulto</name>
		<pose>Unspecified</pose>
		<truncated>0</truncated>
		<difficult>0</difficult>
		<bndbox>
			<xmin>313</xmin>
			<ymin>390</ymin>
			<xmax>380</xmax>
			<ymax>457</ymax>
		</bndbox>
	</object>
</annotation>
