<annotation>
	<folder>INSECT12C</folder>
	<filename>img1638.jpg</filename>
	<path>C:\INSECT12C\img1638.jpg</path>
	<source>
		<database>Unknown</database>
	</source>
	<size>
		<width>800</width>
		<height>600</height>
		<depth>3</depth>
	</size>
	<segmented>0</segmented>
	<object>
		<name>Euschistus_heros_ninfa</name>
		<pose>Unspecified</pose>
		<truncated>0</truncated>
		<difficult>0</difficult>
		<bndbox>
			<xmin>298</xmin>
			<ymin>254</ymin>
			<xmax>338</xmax>
			<ymax>296</ymax>
		</bndbox>
	</object>
	<object>
		<name>Euschistus_heros_adulto</name>
		<pose>Unspecified</pose>
		<truncated>0</truncated>
		<difficult>0</difficult>
		<bndbox>
			<xmin>424</xmin>
			<ymin>309</ymin>
			<xmax>479</xmax>
			<ymax>362</ymax>
		</bndbox>
	</object>
</annotation>
