<annotation>
	<folder>INSECT12C</folder>
	<filename>img697.jpg</filename>
	<path>C:\INSECT12C\img697.jpg</path>
	<source>
		<database>Unknown</database>
	</source>
	<size>
		<width>800</width>
		<height>600</height>
		<depth>3</depth>
	</size>
	<segmented>0</segmented>
	<object>
		<name>Euschistus_heros_ninfa</name>
		<pose>Unspecified</pose>
		<truncated>0</truncated>
		<difficult>0</difficult>
		<bndbox>
			<xmin>435</xmin>
			<ymin>244</ymin>
			<xmax>487</xmax>
			<ymax>314</ymax>
		</bndbox>
	</object>
	<object>
		<name>Euschistus_heros_ninfa</name>
		<pose>Unspecified</pose>
		<truncated>0</truncated>
		<difficult>0</difficult>
		<bndbox>
			<xmin>485</xmin>
			<ymin>269</ymin>
			<xmax>546</xmax>
			<ymax>327</ymax>
		</bndbox>
	</object>
</annotation>
