<annotation>
	<folder>INSECT12C</folder>
	<filename>img625.jpg</filename>
	<path>C:\INSECT12C\img625.jpg</path>
	<source>
		<database>Unknown</database>
	</source>
	<size>
		<width>600</width>
		<height>800</height>
		<depth>3</depth>
	</size>
	<segmented>0</segmented>
	<object>
		<name>Euschistus_heros_ninfa</name>
		<pose>Unspecified</pose>
		<truncated>1</truncated>
		<difficult>0</difficult>
		<bndbox>
			<xmin>42</xmin>
			<ymin>690</ymin>
			<xmax>161</xmax>
			<ymax>800</ymax>
		</bndbox>
	</object>
	<object>
		<name>Euschistus_heros_adulto</name>
		<pose>Unspecified</pose>
		<truncated>1</truncated>
		<difficult>0</difficult>
		<bndbox>
			<xmin>358</xmin>
			<ymin>1</ymin>
			<xmax>527</xmax>
			<ymax>131</ymax>
		</bndbox>
	</object>
</annotation>
