<annotation>
	<folder>INSECT12C</folder>
	<filename>img698.jpg</filename>
	<path>C:\INSECT12C\img698.jpg</path>
	<source>
		<database>Unknown</database>
	</source>
	<size>
		<width>800</width>
		<height>600</height>
		<depth>3</depth>
	</size>
	<segmented>0</segmented>
	<object>
		<name>Coccinellidae</name>
		<pose>Unspecified</pose>
		<truncated>0</truncated>
		<difficult>0</difficult>
		<bndbox>
			<xmin>448</xmin>
			<ymin>238</ymin>
			<xmax>494</xmax>
			<ymax>284</ymax>
		</bndbox>
	</object>
</annotation>
