<annotation>
	<folder>INSECT12C</folder>
	<filename>img699.jpg</filename>
	<path>C:\INSECT12C\img699.jpg</path>
	<source>
		<database>Unknown</database>
	</source>
	<size>
		<width>800</width>
		<height>600</height>
		<depth>3</depth>
	</size>
	<segmented>0</segmented>
	<object>
		<name>Euschistus_heros_adulto</name>
		<pose>Unspecified</pose>
		<truncated>0</truncated>
		<difficult>0</difficult>
		<bndbox>
			<xmin>727</xmin>
			<ymin>204</ymin>
			<xmax>779</xmax>
			<ymax>269</ymax>
		</bndbox>
	</object>
	<object>
		<name>Euschistus_heros_adulto</name>
		<pose>Unspecified</pose>
		<truncated>0</truncated>
		<difficult>0</difficult>
		<bndbox>
			<xmin>674</xmin>
			<ymin>186</ymin>
			<xmax>728</xmax>
			<ymax>247</ymax>
		</bndbox>
	</object>
	<object>
		<name>Coccinellidae</name>
		<pose>Unspecified</pose>
		<truncated>0</truncated>
		<difficult>0</difficult>
		<bndbox>
			<xmin>376</xmin>
			<ymin>274</ymin>
			<xmax>407</xmax>
			<ymax>303</ymax>
		</bndbox>
	</object>
	<object>
		<name>Euschistus_heros_ninfa</name>
		<pose>Unspecified</pose>
		<truncated>0</truncated>
		<difficult>0</difficult>
		<bndbox>
			<xmin>53</xmin>
			<ymin>78</ymin>
			<xmax>81</xmax>
			<ymax>105</ymax>
		</bndbox>
	</object>
</annotation>
