<annotation>
	<folder>INSECT12C</folder>
	<filename>img609.JPG</filename>
	<path>C:\INSECT12C\img609.JPG</path>
	<source>
		<database>Unknown</database>
	</source>
	<size>
		<width>800</width>
		<height>600</height>
		<depth>3</depth>
	</size>
	<segmented>0</segmented>
	<object>
		<name>Rhammatocerus_schistocercoides</name>
		<pose>Unspecified</pose>
		<truncated>0</truncated>
		<difficult>0</difficult>
		<bndbox>
			<xmin>379</xmin>
			<ymin>167</ymin>
			<xmax>464</xmax>
			<ymax>279</ymax>
		</bndbox>
	</object>
</annotation>
