<annotation>
	<folder>INSECT12C</folder>
	<filename>img683.jpg</filename>
	<path>C:\INSECT12C\img683.jpg</path>
	<source>
		<database>Unknown</database>
	</source>
	<size>
		<width>800</width>
		<height>600</height>
		<depth>3</depth>
	</size>
	<segmented>0</segmented>
	<object>
		<name>Euschistus_heros_adulto</name>
		<pose>Unspecified</pose>
		<truncated>0</truncated>
		<difficult>0</difficult>
		<bndbox>
			<xmin>301</xmin>
			<ymin>398</ymin>
			<xmax>341</xmax>
			<ymax>434</ymax>
		</bndbox>
	</object>
	<object>
		<name>Coccinellidae</name>
		<pose>Unspecified</pose>
		<truncated>0</truncated>
		<difficult>0</difficult>
		<bndbox>
			<xmin>365</xmin>
			<ymin>324</ymin>
			<xmax>400</xmax>
			<ymax>356</ymax>
		</bndbox>
	</object>
</annotation>
