<annotation>
	<folder>INSECT12C</folder>
	<filename>img652.jpg</filename>
	<path>C:\INSECT12C\img652.jpg</path>
	<source>
		<database>Unknown</database>
	</source>
	<size>
		<width>800</width>
		<height>600</height>
		<depth>3</depth>
	</size>
	<segmented>0</segmented>
	<object>
		<name>Nezara_viridula_ninfa</name>
		<pose>Unspecified</pose>
		<truncated>0</truncated>
		<difficult>0</difficult>
		<bndbox>
			<xmin>338</xmin>
			<ymin>317</ymin>
			<xmax>386</xmax>
			<ymax>356</ymax>
		</bndbox>
	</object>
	<object>
		<name>Nezara_viridula_ninfa</name>
		<pose>Unspecified</pose>
		<truncated>0</truncated>
		<difficult>0</difficult>
		<bndbox>
			<xmin>158</xmin>
			<ymin>56</ymin>
			<xmax>233</xmax>
			<ymax>124</ymax>
		</bndbox>
	</object>
</annotation>
