<annotation>
	<folder>INSECT12C</folder>
	<filename>img619.jpg</filename>
	<path>C:\INSECT12C\img619.jpg</path>
	<source>
		<database>Unknown</database>
	</source>
	<size>
		<width>800</width>
		<height>600</height>
		<depth>3</depth>
	</size>
	<segmented>0</segmented>
	<object>
		<name>Euschistus_heros_adulto</name>
		<pose>Unspecified</pose>
		<truncated>0</truncated>
		<difficult>0</difficult>
		<bndbox>
			<xmin>352</xmin>
			<ymin>252</ymin>
			<xmax>407</xmax>
			<ymax>304</ymax>
		</bndbox>
	</object>
</annotation>
