<annotation>
	<folder>INSECT12C</folder>
	<filename>img667.jpg</filename>
	<path>C:\INSECT12C\img667.jpg</path>
	<source>
		<database>Unknown</database>
	</source>
	<size>
		<width>600</width>
		<height>800</height>
		<depth>3</depth>
	</size>
	<segmented>0</segmented>
	<object>
		<name>Euschistus_heros_adulto</name>
		<pose>Unspecified</pose>
		<truncated>0</truncated>
		<difficult>0</difficult>
		<bndbox>
			<xmin>212</xmin>
			<ymin>480</ymin>
			<xmax>239</xmax>
			<ymax>517</ymax>
		</bndbox>
	</object>
	<object>
		<name>Anticarsia_gemmatalis</name>
		<pose>Unspecified</pose>
		<truncated>0</truncated>
		<difficult>0</difficult>
		<bndbox>
			<xmin>240</xmin>
			<ymin>433</ymin>
			<xmax>334</xmax>
			<ymax>504</ymax>
		</bndbox>
	</object>
	<object>
		<name>Euschistus_heros_adulto</name>
		<pose>Unspecified</pose>
		<truncated>0</truncated>
		<difficult>0</difficult>
		<bndbox>
			<xmin>247</xmin>
			<ymin>286</ymin>
			<xmax>283</xmax>
			<ymax>317</ymax>
		</bndbox>
	</object>
</annotation>
