<annotation>
	<folder>INSECT12C</folder>
	<filename>img672.jpg</filename>
	<path>C:\INSECT12C\img672.jpg</path>
	<source>
		<database>Unknown</database>
	</source>
	<size>
		<width>600</width>
		<height>800</height>
		<depth>3</depth>
	</size>
	<segmented>0</segmented>
	<object>
		<name>Euschistus_heros_ninfa</name>
		<pose>Unspecified</pose>
		<truncated>0</truncated>
		<difficult>0</difficult>
		<bndbox>
			<xmin>308</xmin>
			<ymin>397</ymin>
			<xmax>346</xmax>
			<ymax>429</ymax>
		</bndbox>
	</object>
	<object>
		<name>Euschistus_heros_ninfa</name>
		<pose>Unspecified</pose>
		<truncated>0</truncated>
		<difficult>0</difficult>
		<bndbox>
			<xmin>301</xmin>
			<ymin>368</ymin>
			<xmax>336</xmax>
			<ymax>398</ymax>
		</bndbox>
	</object>
</annotation>
