<annotation>
	<folder>INSECT12C</folder>
	<filename>img716.jpg</filename>
	<path>C:\INSECT12C\img716.jpg</path>
	<source>
		<database>Unknown</database>
	</source>
	<size>
		<width>600</width>
		<height>800</height>
		<depth>3</depth>
	</size>
	<segmented>0</segmented>
	<object>
		<name>Anticarsia_gemmatalis</name>
		<pose>Unspecified</pose>
		<truncated>0</truncated>
		<difficult>0</difficult>
		<bndbox>
			<xmin>250</xmin>
			<ymin>391</ymin>
			<xmax>360</xmax>
			<ymax>464</ymax>
		</bndbox>
	</object>
	<object>
		<name>Euschistus_heros_ninfa</name>
		<pose>Unspecified</pose>
		<truncated>0</truncated>
		<difficult>0</difficult>
		<bndbox>
			<xmin>283</xmin>
			<ymin>26</ymin>
			<xmax>357</xmax>
			<ymax>97</ymax>
		</bndbox>
	</object>
</annotation>
