<annotation>
	<folder>INSECT12C</folder>
	<filename>img1342.jpg</filename>
	<path>C:\INSECT12C\img1342.jpg</path>
	<source>
		<database>Unknown</database>
	</source>
	<size>
		<width>800</width>
		<height>600</height>
		<depth>3</depth>
	</size>
	<segmented>0</segmented>
	<object>
		<name>Euschistus_heros_adulto</name>
		<pose>Unspecified</pose>
		<truncated>0</truncated>
		<difficult>0</difficult>
		<bndbox>
			<xmin>258</xmin>
			<ymin>286</ymin>
			<xmax>378</xmax>
			<ymax>387</ymax>
		</bndbox>
	</object>
</annotation>
