<annotation>
	<folder>INSECT12C</folder>
	<filename>img1300.jpg</filename>
	<path>C:\INSECT12C\img1300.jpg</path>
	<source>
		<database>Unknown</database>
	</source>
	<size>
		<width>600</width>
		<height>800</height>
		<depth>3</depth>
	</size>
	<segmented>0</segmented>
	<object>
		<name>Euschistus_heros_ninfa</name>
		<pose>Unspecified</pose>
		<truncated>0</truncated>
		<difficult>0</difficult>
		<bndbox>
			<xmin>489</xmin>
			<ymin>715</ymin>
			<xmax>530</xmax>
			<ymax>751</ymax>
		</bndbox>
	</object>
	<object>
		<name>Gastropoda</name>
		<pose>Unspecified</pose>
		<truncated>0</truncated>
		<difficult>0</difficult>
		<bndbox>
			<xmin>209</xmin>
			<ymin>277</ymin>
			<xmax>297</xmax>
			<ymax>373</ymax>
		</bndbox>
	</object>
</annotation>
