<annotation>
	<folder>INSECT12C</folder>
	<filename>img1208.jpg</filename>
	<path>C:\INSECT12C\img1208.jpg</path>
	<source>
		<database>Unknown</database>
	</source>
	<size>
		<width>600</width>
		<height>800</height>
		<depth>3</depth>
	</size>
	<segmented>0</segmented>
	<object>
		<name>Euschistus_heros_adulto</name>
		<pose>Unspecified</pose>
		<truncated>0</truncated>
		<difficult>0</difficult>
		<bndbox>
			<xmin>194</xmin>
			<ymin>393</ymin>
			<xmax>231</xmax>
			<ymax>429</ymax>
		</bndbox>
	</object>
	<object>
		<name>Euschistus_heros_adulto</name>
		<pose>Unspecified</pose>
		<truncated>0</truncated>
		<difficult>0</difficult>
		<bndbox>
			<xmin>306</xmin>
			<ymin>397</ymin>
			<xmax>334</xmax>
			<ymax>424</ymax>
		</bndbox>
	</object>
</annotation>
