<annotation>
	<folder>INSECT12C</folder>
	<filename>img1309.jpg</filename>
	<path>C:\INSECT12C\img1309.jpg</path>
	<source>
		<database>Unknown</database>
	</source>
	<size>
		<width>600</width>
		<height>800</height>
		<depth>3</depth>
	</size>
	<segmented>0</segmented>
	<object>
		<name>Euschistus_heros_ninfa</name>
		<pose>Unspecified</pose>
		<truncated>0</truncated>
		<difficult>0</difficult>
		<bndbox>
			<xmin>290</xmin>
			<ymin>183</ymin>
			<xmax>319</xmax>
			<ymax>216</ymax>
		</bndbox>
	</object>
	<object>
		<name>Euschistus_heros_adulto</name>
		<pose>Unspecified</pose>
		<truncated>0</truncated>
		<difficult>0</difficult>
		<bndbox>
			<xmin>160</xmin>
			<ymin>445</ymin>
			<xmax>236</xmax>
			<ymax>530</ymax>
		</bndbox>
	</object>
</annotation>
