<annotation>
	<folder>INSECT12C</folder>
	<filename>img1264.jpg</filename>
	<path>C:\INSECT12C\img1264.jpg</path>
	<source>
		<database>Unknown</database>
	</source>
	<size>
		<width>600</width>
		<height>800</height>
		<depth>3</depth>
	</size>
	<segmented>0</segmented>
	<object>
		<name>Euschistus_heros_ninfa</name>
		<pose>Unspecified</pose>
		<truncated>0</truncated>
		<difficult>0</difficult>
		<bndbox>
			<xmin>354</xmin>
			<ymin>728</ymin>
			<xmax>387</xmax>
			<ymax>764</ymax>
		</bndbox>
	</object>
	<object>
		<name>Gastropoda</name>
		<pose>Unspecified</pose>
		<truncated>0</truncated>
		<difficult>0</difficult>
		<bndbox>
			<xmin>261</xmin>
			<ymin>283</ymin>
			<xmax>337</xmax>
			<ymax>348</ymax>
		</bndbox>
	</object>
</annotation>
