<annotation>
	<folder>INSECT12C</folder>
	<filename>img121.jpg</filename>
	<path>C:\INSECT12C\img121.jpg</path>
	<source>
		<database>Unknown</database>
	</source>
	<size>
		<width>800</width>
		<height>600</height>
		<depth>3</depth>
	</size>
	<segmented>0</segmented>
	<object>
		<name>Nezara_viridula_adulto</name>
		<pose>Unspecified</pose>
		<truncated>0</truncated>
		<difficult>0</difficult>
		<bndbox>
			<xmin>269</xmin>
			<ymin>276</ymin>
			<xmax>366</xmax>
			<ymax>362</ymax>
		</bndbox>
	</object>
	<object>
		<name>Euschistus_heros_ninfa</name>
		<pose>Unspecified</pose>
		<truncated>0</truncated>
		<difficult>0</difficult>
		<bndbox>
			<xmin>6</xmin>
			<ymin>401</ymin>
			<xmax>28</xmax>
			<ymax>426</ymax>
		</bndbox>
	</object>
</annotation>
