<annotation>
	<folder>INSECT12C</folder>
	<filename>img103.jpg</filename>
	<path>C:\INSECT12C\img103.jpg</path>
	<source>
		<database>Unknown</database>
	</source>
	<size>
		<width>600</width>
		<height>800</height>
		<depth>3</depth>
	</size>
	<segmented>0</segmented>
	<object>
		<name>Nezara_viridula_adulto</name>
		<pose>Unspecified</pose>
		<truncated>0</truncated>
		<difficult>0</difficult>
		<bndbox>
			<xmin>119</xmin>
			<ymin>314</ymin>
			<xmax>229</xmax>
			<ymax>408</ymax>
		</bndbox>
	</object>
</annotation>
