<annotation>
	<folder>INSECT12C</folder>
	<filename>img18.jpg</filename>
	<path>C:\INSECT12C\img18.jpg</path>
	<source>
		<database>Unknown</database>
	</source>
	<size>
		<width>600</width>
		<height>800</height>
		<depth>3</depth>
	</size>
	<segmented>0</segmented>
	<object>
		<name>Euschistus_heros_adulto</name>
		<pose>Unspecified</pose>
		<truncated>0</truncated>
		<difficult>0</difficult>
		<bndbox>
			<xmin>189</xmin>
			<ymin>437</ymin>
			<xmax>244</xmax>
			<ymax>494</ymax>
		</bndbox>
	</object>
	<object>
		<name>Euschistus_heros_adulto</name>
		<pose>Unspecified</pose>
		<truncated>0</truncated>
		<difficult>0</difficult>
		<bndbox>
			<xmin>186</xmin>
			<ymin>390</ymin>
			<xmax>242</xmax>
			<ymax>435</ymax>
		</bndbox>
	</object>
</annotation>
