<annotation>
	<folder>INSECT12C</folder>
	<filename>img122.jpg</filename>
	<path>C:\INSECT12C\img122.jpg</path>
	<source>
		<database>Unknown</database>
	</source>
	<size>
		<width>800</width>
		<height>600</height>
		<depth>3</depth>
	</size>
	<segmented>0</segmented>
	<object>
		<name>Nezara_viridula_adulto</name>
		<pose>Unspecified</pose>
		<truncated>0</truncated>
		<difficult>0</difficult>
		<bndbox>
			<xmin>419</xmin>
			<ymin>400</ymin>
			<xmax>505</xmax>
			<ymax>462</ymax>
		</bndbox>
	</object>
	<object>
		<name>Euschistus_heros_adulto</name>
		<pose>Unspecified</pose>
		<truncated>0</truncated>
		<difficult>0</difficult>
		<bndbox>
			<xmin>429</xmin>
			<ymin>112</ymin>
			<xmax>462</xmax>
			<ymax>152</ymax>
		</bndbox>
	</object>
</annotation>
