<annotation>
	<folder>INSECT12C</folder>
	<filename>img146.jpg</filename>
	<path>C:\INSECT12C\img146.jpg</path>
	<source>
		<database>Unknown</database>
	</source>
	<size>
		<width>600</width>
		<height>800</height>
		<depth>3</depth>
	</size>
	<segmented>0</segmented>
	<object>
		<name>Nezara_viridula_adulto</name>
		<pose>Unspecified</pose>
		<truncated>0</truncated>
		<difficult>0</difficult>
		<bndbox>
			<xmin>256</xmin>
			<ymin>343</ymin>
			<xmax>313</xmax>
			<ymax>389</ymax>
		</bndbox>
	</object>
</annotation>
