<annotation>
	<folder>INSECT12C</folder>
	<filename>img26.jpg</filename>
	<path>C:\INSECT12C\img26.jpg</path>
	<source>
		<database>Unknown</database>
	</source>
	<size>
		<width>600</width>
		<height>800</height>
		<depth>3</depth>
	</size>
	<segmented>0</segmented>
	<object>
		<name>Euschistus_heros_ninfa</name>
		<pose>Unspecified</pose>
		<truncated>0</truncated>
		<difficult>0</difficult>
		<bndbox>
			<xmin>27</xmin>
			<ymin>664</ymin>
			<xmax>84</xmax>
			<ymax>725</ymax>
		</bndbox>
	</object>
	<object>
		<name>Anticarsia_gemmatalis</name>
		<pose>Unspecified</pose>
		<truncated>0</truncated>
		<difficult>0</difficult>
		<bndbox>
			<xmin>242</xmin>
			<ymin>352</ymin>
			<xmax>286</xmax>
			<ymax>463</ymax>
		</bndbox>
	</object>
</annotation>
