<annotation>
	<folder>INSECT12C</folder>
	<filename>img40.jpg</filename>
	<path>C:\INSECT12C\img40.jpg</path>
	<source>
		<database>Unknown</database>
	</source>
	<size>
		<width>600</width>
		<height>800</height>
		<depth>3</depth>
	</size>
	<segmented>0</segmented>
	<object>
		<name>Nezara_viridula_adulto</name>
		<pose>Unspecified</pose>
		<truncated>0</truncated>
		<difficult>0</difficult>
		<bndbox>
			<xmin>217</xmin>
			<ymin>374</ymin>
			<xmax>303</xmax>
			<ymax>455</ymax>
		</bndbox>
	</object>
</annotation>
