<annotation>
	<folder>INSECT12C</folder>
	<filename>img49.jpg</filename>
	<path>C:\INSECT12C\img49.jpg</path>
	<source>
		<database>Unknown</database>
	</source>
	<size>
		<width>600</width>
		<height>800</height>
		<depth>3</depth>
	</size>
	<segmented>0</segmented>
	<object>
		<name>Nezara_viridula_adulto</name>
		<pose>Unspecified</pose>
		<truncated>0</truncated>
		<difficult>0</difficult>
		<bndbox>
			<xmin>190</xmin>
			<ymin>312</ymin>
			<xmax>323</xmax>
			<ymax>441</ymax>
		</bndbox>
	</object>
</annotation>
