<annotation>
	<folder>INSECT12C</folder>
	<filename>img67.jpg</filename>
	<path>C:\INSECT12C\img67.jpg</path>
	<source>
		<database>Unknown</database>
	</source>
	<size>
		<width>600</width>
		<height>800</height>
		<depth>3</depth>
	</size>
	<segmented>0</segmented>
	<object>
		<name>Euschistus_heros_ninfa</name>
		<pose>Unspecified</pose>
		<truncated>0</truncated>
		<difficult>0</difficult>
		<bndbox>
			<xmin>216</xmin>
			<ymin>270</ymin>
			<xmax>283</xmax>
			<ymax>345</ymax>
		</bndbox>
	</object>
	<object>
		<name>Nezara_viridula_ninfa</name>
		<pose>Unspecified</pose>
		<truncated>0</truncated>
		<difficult>0</difficult>
		<bndbox>
			<xmin>250</xmin>
			<ymin>380</ymin>
			<xmax>310</xmax>
			<ymax>453</ymax>
		</bndbox>
	</object>
</annotation>
