<annotation>
	<folder>INSECT12C</folder>
	<filename>img74.jpg</filename>
	<path>C:\INSECT12C\img74.jpg</path>
	<source>
		<database>Unknown</database>
	</source>
	<size>
		<width>800</width>
		<height>600</height>
		<depth>3</depth>
	</size>
	<segmented>0</segmented>
	<object>
		<name>Nezara_viridula_ninfa</name>
		<pose>Unspecified</pose>
		<truncated>0</truncated>
		<difficult>0</difficult>
		<bndbox>
			<xmin>479</xmin>
			<ymin>215</ymin>
			<xmax>561</xmax>
			<ymax>287</ymax>
		</bndbox>
	</object>
</annotation>
