<annotation>
	<folder>INSECT12C</folder>
	<filename>img604.JPG</filename>
	<path>C:\INSECT12C\img604.JPG</path>
	<source>
		<database>Unknown</database>
	</source>
	<size>
		<width>800</width>
		<height>600</height>
		<depth>3</depth>
	</size>
	<segmented>0</segmented>
	<object>
		<name>Rhammatocerus_schistocercoides</name>
		<pose>Unspecified</pose>
		<truncated>0</truncated>
		<difficult>0</difficult>
		<bndbox>
			<xmin>363</xmin>
			<ymin>334</ymin>
			<xmax>454</xmax>
			<ymax>465</ymax>
		</bndbox>
	</object>
</annotation>
