<annotation>
	<folder>INSECT12C</folder>
	<filename>img615.jpg</filename>
	<path>C:\INSECT12C\img615.jpg</path>
	<source>
		<database>Unknown</database>
	</source>
	<size>
		<width>800</width>
		<height>600</height>
		<depth>3</depth>
	</size>
	<segmented>0</segmented>
	<object>
		<name>Rhammatocerus_schistocercoides</name>
		<pose>Unspecified</pose>
		<truncated>0</truncated>
		<difficult>0</difficult>
		<bndbox>
			<xmin>419</xmin>
			<ymin>189</ymin>
			<xmax>563</xmax>
			<ymax>303</ymax>
		</bndbox>
	</object>
</annotation>
