<annotation>
	<folder>INSECT12C</folder>
	<filename>img635.jpg</filename>
	<path>C:\INSECT12C\img635.jpg</path>
	<source>
		<database>Unknown</database>
	</source>
	<size>
		<width>600</width>
		<height>800</height>
		<depth>3</depth>
	</size>
	<segmented>0</segmented>
	<object>
		<name>Euschistus_heros_ninfa</name>
		<pose>Unspecified</pose>
		<truncated>0</truncated>
		<difficult>0</difficult>
		<bndbox>
			<xmin>330</xmin>
			<ymin>396</ymin>
			<xmax>377</xmax>
			<ymax>448</ymax>
		</bndbox>
	</object>
</annotation>
