<annotation>
	<folder>INSECT12C</folder>
	<filename>img645.jpg</filename>
	<path>C:\INSECT12C\img645.jpg</path>
	<source>
		<database>Unknown</database>
	</source>
	<size>
		<width>800</width>
		<height>600</height>
		<depth>3</depth>
	</size>
	<segmented>0</segmented>
	<object>
		<name>Euschistus_heros_ninfa</name>
		<pose>Unspecified</pose>
		<truncated>0</truncated>
		<difficult>0</difficult>
		<bndbox>
			<xmin>266</xmin>
			<ymin>329</ymin>
			<xmax>317</xmax>
			<ymax>376</ymax>
		</bndbox>
	</object>
	<object>
		<name>Euschistus_heros_ninfa</name>
		<pose>Unspecified</pose>
		<truncated>0</truncated>
		<difficult>0</difficult>
		<bndbox>
			<xmin>644</xmin>
			<ymin>45</ymin>
			<xmax>676</xmax>
			<ymax>76</ymax>
		</bndbox>
	</object>
</annotation>
