<annotation>
	<folder>INSECT12C</folder>
	<filename>img629.jpg</filename>
	<path>C:\INSECT12C\img629.jpg</path>
	<source>
		<database>Unknown</database>
	</source>
	<size>
		<width>600</width>
		<height>800</height>
		<depth>3</depth>
	</size>
	<segmented>0</segmented>
	<object>
		<name>Anticarsia_gemmatalis</name>
		<pose>Unspecified</pose>
		<truncated>0</truncated>
		<difficult>0</difficult>
		<bndbox>
			<xmin>241</xmin>
			<ymin>273</ymin>
			<xmax>373</xmax>
			<ymax>358</ymax>
		</bndbox>
	</object>
	<object>
		<name>Euschistus_heros_ninfa</name>
		<pose>Unspecified</pose>
		<truncated>0</truncated>
		<difficult>0</difficult>
		<bndbox>
			<xmin>296</xmin>
			<ymin>550</ymin>
			<xmax>324</xmax>
			<ymax>577</ymax>
		</bndbox>
	</object>
</annotation>
