<annotation>
	<folder>INSECT12C</folder>
	<filename>img695.jpg</filename>
	<path>C:\INSECT12C\img695.jpg</path>
	<source>
		<database>Unknown</database>
	</source>
	<size>
		<width>600</width>
		<height>800</height>
		<depth>3</depth>
	</size>
	<segmented>0</segmented>
	<object>
		<name>Nezara_viridula_adulto</name>
		<pose>Unspecified</pose>
		<truncated>0</truncated>
		<difficult>0</difficult>
		<bndbox>
			<xmin>252</xmin>
			<ymin>440</ymin>
			<xmax>326</xmax>
			<ymax>507</ymax>
		</bndbox>
	</object>
	<object>
		<name>Euschistus_heros_ninfa</name>
		<pose>Unspecified</pose>
		<truncated>0</truncated>
		<difficult>0</difficult>
		<bndbox>
			<xmin>496</xmin>
			<ymin>525</ymin>
			<xmax>544</xmax>
			<ymax>575</ymax>
		</bndbox>
	</object>
</annotation>
