<annotation>
	<folder>INSECT12C</folder>
	<filename>img626.jpg</filename>
	<path>C:\INSECT12C\img626.jpg</path>
	<source>
		<database>Unknown</database>
	</source>
	<size>
		<width>600</width>
		<height>800</height>
		<depth>3</depth>
	</size>
	<segmented>0</segmented>
	<object>
		<name>Euschistus_heros_ninfa</name>
		<pose>Unspecified</pose>
		<truncated>0</truncated>
		<difficult>0</difficult>
		<bndbox>
			<xmin>159</xmin>
			<ymin>97</ymin>
			<xmax>209</xmax>
			<ymax>156</ymax>
		</bndbox>
	</object>
	<object>
		<name>Coccinellidae</name>
		<pose>Unspecified</pose>
		<truncated>0</truncated>
		<difficult>0</difficult>
		<bndbox>
			<xmin>299</xmin>
			<ymin>300</ymin>
			<xmax>343</xmax>
			<ymax>339</ymax>
		</bndbox>
	</object>
</annotation>
