<annotation>
	<folder>INSECT12C</folder>
	<filename>img682.jpg</filename>
	<path>C:\INSECT12C\img682.jpg</path>
	<source>
		<database>Unknown</database>
	</source>
	<size>
		<width>800</width>
		<height>600</height>
		<depth>3</depth>
	</size>
	<segmented>0</segmented>
	<object>
		<name>Euschistus_heros_adulto</name>
		<pose>Unspecified</pose>
		<truncated>0</truncated>
		<difficult>0</difficult>
		<bndbox>
			<xmin>374</xmin>
			<ymin>293</ymin>
			<xmax>417</xmax>
			<ymax>338</ymax>
		</bndbox>
	</object>
	<object>
		<name>Euschistus_heros_ninfa</name>
		<pose>Unspecified</pose>
		<truncated>0</truncated>
		<difficult>0</difficult>
		<bndbox>
			<xmin>273</xmin>
			<ymin>24</ymin>
			<xmax>320</xmax>
			<ymax>66</ymax>
		</bndbox>
	</object>
</annotation>
