<annotation>
	<folder>INSECT12C</folder>
	<filename>img681.jpg</filename>
	<path>C:\INSECT12C\img681.jpg</path>
	<source>
		<database>Unknown</database>
	</source>
	<size>
		<width>800</width>
		<height>600</height>
		<depth>3</depth>
	</size>
	<segmented>0</segmented>
	<object>
		<name>Euschistus_heros_ninfa</name>
		<pose>Unspecified</pose>
		<truncated>0</truncated>
		<difficult>0</difficult>
		<bndbox>
			<xmin>746</xmin>
			<ymin>297</ymin>
			<xmax>794</xmax>
			<ymax>336</ymax>
		</bndbox>
	</object>
	<object>
		<name>Nezara_viridula_adulto</name>
		<pose>Unspecified</pose>
		<truncated>0</truncated>
		<difficult>0</difficult>
		<bndbox>
			<xmin>250</xmin>
			<ymin>294</ymin>
			<xmax>318</xmax>
			<ymax>354</ymax>
		</bndbox>
	</object>
</annotation>
