<annotation>
	<folder>INSECT12C</folder>
	<filename>img611.JPG</filename>
	<path>C:\INSECT12C\img611.JPG</path>
	<source>
		<database>Unknown</database>
	</source>
	<size>
		<width>800</width>
		<height>600</height>
		<depth>3</depth>
	</size>
	<segmented>0</segmented>
	<object>
		<name>Rhammatocerus_schistocercoides</name>
		<pose>Unspecified</pose>
		<truncated>0</truncated>
		<difficult>0</difficult>
		<bndbox>
			<xmin>400</xmin>
			<ymin>171</ymin>
			<xmax>470</xmax>
			<ymax>264</ymax>
		</bndbox>
	</object>
</annotation>
