<annotation>
	<folder>INSECT12C</folder>
	<filename>img679.jpg</filename>
	<path>C:\INSECT12C\img679.jpg</path>
	<source>
		<database>Unknown</database>
	</source>
	<size>
		<width>800</width>
		<height>600</height>
		<depth>3</depth>
	</size>
	<segmented>0</segmented>
	<object>
		<name>Coccinellidae</name>
		<pose>Unspecified</pose>
		<truncated>0</truncated>
		<difficult>0</difficult>
		<bndbox>
			<xmin>301</xmin>
			<ymin>314</ymin>
			<xmax>342</xmax>
			<ymax>352</ymax>
		</bndbox>
	</object>
</annotation>
