<annotation>
	<folder>INSECT12C</folder>
	<filename>img601.jpg</filename>
	<path>C:\INSECT12C\img601.jpg</path>
	<source>
		<database>Unknown</database>
	</source>
	<size>
		<width>600</width>
		<height>800</height>
		<depth>3</depth>
	</size>
	<segmented>0</segmented>
	<object>
		<name>Rhammatocerus_schistocercoides</name>
		<pose>Unspecified</pose>
		<truncated>0</truncated>
		<difficult>0</difficult>
		<bndbox>
			<xmin>246</xmin>
			<ymin>321</ymin>
			<xmax>333</xmax>
			<ymax>378</ymax>
		</bndbox>
	</object>
	<object>
		<name>Euschistus_heros_adulto</name>
		<pose>Unspecified</pose>
		<truncated>0</truncated>
		<difficult>0</difficult>
		<bndbox>
			<xmin>383</xmin>
			<ymin>561</ymin>
			<xmax>420</xmax>
			<ymax>597</ymax>
		</bndbox>
	</object>
</annotation>
