<annotation>
	<folder>INSECT12C</folder>
	<filename>img644.jpg</filename>
	<path>C:\INSECT12C\img644.jpg</path>
	<source>
		<database>Unknown</database>
	</source>
	<size>
		<width>600</width>
		<height>800</height>
		<depth>3</depth>
	</size>
	<segmented>0</segmented>
	<object>
		<name>Euschistus_heros_adulto</name>
		<pose>Unspecified</pose>
		<truncated>0</truncated>
		<difficult>0</difficult>
		<bndbox>
			<xmin>399</xmin>
			<ymin>582</ymin>
			<xmax>450</xmax>
			<ymax>631</ymax>
		</bndbox>
	</object>
	<object>
		<name>Coccinellidae</name>
		<pose>Unspecified</pose>
		<truncated>0</truncated>
		<difficult>0</difficult>
		<bndbox>
			<xmin>260</xmin>
			<ymin>415</ymin>
			<xmax>293</xmax>
			<ymax>444</ymax>
		</bndbox>
	</object>
	<object>
		<name>Euschistus_heros_adulto</name>
		<pose>Unspecified</pose>
		<truncated>0</truncated>
		<difficult>0</difficult>
		<bndbox>
			<xmin>238</xmin>
			<ymin>540</ymin>
			<xmax>298</xmax>
			<ymax>607</ymax>
		</bndbox>
	</object>
</annotation>
