<annotation>
	<folder>INSECT12C</folder>
	<filename>img650.jpg</filename>
	<path>C:\INSECT12C\img650.jpg</path>
	<source>
		<database>Unknown</database>
	</source>
	<size>
		<width>600</width>
		<height>800</height>
		<depth>3</depth>
	</size>
	<segmented>0</segmented>
	<object>
		<name>Anticarsia_gemmatalis</name>
		<pose>Unspecified</pose>
		<truncated>0</truncated>
		<difficult>0</difficult>
		<bndbox>
			<xmin>226</xmin>
			<ymin>237</ymin>
			<xmax>391</xmax>
			<ymax>322</ymax>
		</bndbox>
	</object>
</annotation>
