<annotation>
	<folder>INSECT12C</folder>
	<filename>img735.jpg</filename>
	<path>C:\INSECT12C\img735.jpg</path>
	<source>
		<database>Unknown</database>
	</source>
	<size>
		<width>600</width>
		<height>800</height>
		<depth>3</depth>
	</size>
	<segmented>0</segmented>
	<object>
		<name>Euschistus_heros_adulto</name>
		<pose>Unspecified</pose>
		<truncated>0</truncated>
		<difficult>0</difficult>
		<bndbox>
			<xmin>266</xmin>
			<ymin>384</ymin>
			<xmax>329</xmax>
			<ymax>446</ymax>
		</bndbox>
	</object>
	<object>
		<name>Euschistus_heros_adulto</name>
		<pose>Unspecified</pose>
		<truncated>0</truncated>
		<difficult>0</difficult>
		<bndbox>
			<xmin>249</xmin>
			<ymin>315</ymin>
			<xmax>315</xmax>
			<ymax>376</ymax>
		</bndbox>
	</object>
</annotation>
