<annotation>
	<folder>INSECT12C</folder>
	<filename>img792.jpg</filename>
	<path>C:\INSECT12C\img792.jpg</path>
	<source>
		<database>Unknown</database>
	</source>
	<size>
		<width>600</width>
		<height>800</height>
		<depth>3</depth>
	</size>
	<segmented>0</segmented>
	<object>
		<name>Anticarsia_gemmatalis</name>
		<pose>Unspecified</pose>
		<truncated>0</truncated>
		<difficult>0</difficult>
		<bndbox>
			<xmin>229</xmin>
			<ymin>406</ymin>
			<xmax>320</xmax>
			<ymax>477</ymax>
		</bndbox>
	</object>
</annotation>
