<annotation>
	<folder>INSECT12C</folder>
	<filename>img866.jpg</filename>
	<path>C:\INSECT12C\img866.jpg</path>
	<source>
		<database>Unknown</database>
	</source>
	<size>
		<width>600</width>
		<height>800</height>
		<depth>3</depth>
	</size>
	<segmented>0</segmented>
	<object>
		<name>Euschistus_heros_adulto</name>
		<pose>Unspecified</pose>
		<truncated>0</truncated>
		<difficult>0</difficult>
		<bndbox>
			<xmin>111</xmin>
			<ymin>199</ymin>
			<xmax>137</xmax>
			<ymax>225</ymax>
		</bndbox>
	</object>
	<object>
		<name>Euschistus_heros_adulto</name>
		<pose>Unspecified</pose>
		<truncated>0</truncated>
		<difficult>0</difficult>
		<bndbox>
			<xmin>243</xmin>
			<ymin>428</ymin>
			<xmax>277</xmax>
			<ymax>458</ymax>
		</bndbox>
	</object>
</annotation>
