<annotation>
	<folder>INSECT12C</folder>
	<filename>img865.jpg</filename>
	<path>C:\INSECT12C\img865.jpg</path>
	<source>
		<database>Unknown</database>
	</source>
	<size>
		<width>600</width>
		<height>800</height>
		<depth>3</depth>
	</size>
	<segmented>0</segmented>
	<object>
		<name>Euschistus_heros_adulto</name>
		<pose>Unspecified</pose>
		<truncated>0</truncated>
		<difficult>0</difficult>
		<bndbox>
			<xmin>276</xmin>
			<ymin>483</ymin>
			<xmax>316</xmax>
			<ymax>523</ymax>
		</bndbox>
	</object>
	<object>
		<name>Euschistus_heros_adulto</name>
		<pose>Unspecified</pose>
		<truncated>0</truncated>
		<difficult>0</difficult>
		<bndbox>
			<xmin>323</xmin>
			<ymin>274</ymin>
			<xmax>353</xmax>
			<ymax>306</ymax>
		</bndbox>
	</object>
</annotation>
