<annotation>
	<folder>INSECT12C</folder>
	<filename>img867.jpg</filename>
	<path>C:\INSECT12C\img867.jpg</path>
	<source>
		<database>Unknown</database>
	</source>
	<size>
		<width>600</width>
		<height>800</height>
		<depth>3</depth>
	</size>
	<segmented>0</segmented>
	<object>
		<name>Gastropoda</name>
		<pose>Unspecified</pose>
		<truncated>0</truncated>
		<difficult>0</difficult>
		<bndbox>
			<xmin>286</xmin>
			<ymin>352</ymin>
			<xmax>334</xmax>
			<ymax>401</ymax>
		</bndbox>
	</object>
	<object>
		<name>Anticarsia_gemmatalis</name>
		<pose>Unspecified</pose>
		<truncated>0</truncated>
		<difficult>0</difficult>
		<bndbox>
			<xmin>334</xmin>
			<ymin>376</ymin>
			<xmax>387</xmax>
			<ymax>410</ymax>
		</bndbox>
	</object>
</annotation>
