<annotation>
	<folder>INSECT12C</folder>
	<filename>img819.jpg</filename>
	<path>C:\INSECT12C\img819.jpg</path>
	<source>
		<database>Unknown</database>
	</source>
	<size>
		<width>600</width>
		<height>800</height>
		<depth>3</depth>
	</size>
	<segmented>0</segmented>
	<object>
		<name>Euschistus_heros_ninfa</name>
		<pose>Unspecified</pose>
		<truncated>0</truncated>
		<difficult>0</difficult>
		<bndbox>
			<xmin>273</xmin>
			<ymin>280</ymin>
			<xmax>329</xmax>
			<ymax>330</ymax>
		</bndbox>
	</object>
	<object>
		<name>Euschistus_heros_adulto</name>
		<pose>Unspecified</pose>
		<truncated>0</truncated>
		<difficult>0</difficult>
		<bndbox>
			<xmin>499</xmin>
			<ymin>120</ymin>
			<xmax>562</xmax>
			<ymax>178</ymax>
		</bndbox>
	</object>
</annotation>
