<annotation>
	<folder>INSECT12C</folder>
	<filename>img839.jpg</filename>
	<path>C:\INSECT12C\img839.jpg</path>
	<source>
		<database>Unknown</database>
	</source>
	<size>
		<width>600</width>
		<height>800</height>
		<depth>3</depth>
	</size>
	<segmented>0</segmented>
	<object>
		<name>Edessa_meditabunda</name>
		<pose>Unspecified</pose>
		<truncated>0</truncated>
		<difficult>0</difficult>
		<bndbox>
			<xmin>239</xmin>
			<ymin>161</ymin>
			<xmax>314</xmax>
			<ymax>222</ymax>
		</bndbox>
	</object>
	<object>
		<name>Gastropoda</name>
		<pose>Unspecified</pose>
		<truncated>0</truncated>
		<difficult>0</difficult>
		<bndbox>
			<xmin>213</xmin>
			<ymin>490</ymin>
			<xmax>274</xmax>
			<ymax>545</ymax>
		</bndbox>
	</object>
</annotation>
