<annotation>
	<folder>INSECT12C</folder>
	<filename>img840.jpg</filename>
	<path>C:\INSECT12C\img840.jpg</path>
	<source>
		<database>Unknown</database>
	</source>
	<size>
		<width>600</width>
		<height>800</height>
		<depth>3</depth>
	</size>
	<segmented>0</segmented>
	<object>
		<name>Euschistus_heros_adulto</name>
		<pose>Unspecified</pose>
		<truncated>0</truncated>
		<difficult>0</difficult>
		<bndbox>
			<xmin>271</xmin>
			<ymin>411</ymin>
			<xmax>323</xmax>
			<ymax>459</ymax>
		</bndbox>
	</object>
	<object>
		<name>Edessa_meditabunda</name>
		<pose>Unspecified</pose>
		<truncated>0</truncated>
		<difficult>0</difficult>
		<bndbox>
			<xmin>393</xmin>
			<ymin>410</ymin>
			<xmax>437</xmax>
			<ymax>454</ymax>
		</bndbox>
	</object>
</annotation>
