<annotation>
	<folder>INSECT12C</folder>
	<filename>img1200.jpg</filename>
	<path>C:\INSECT12C\img1200.jpg</path>
	<source>
		<database>Unknown</database>
	</source>
	<size>
		<width>600</width>
		<height>800</height>
		<depth>3</depth>
	</size>
	<segmented>0</segmented>
	<object>
		<name>Euschistus_heros_ninfa</name>
		<pose>Unspecified</pose>
		<truncated>0</truncated>
		<difficult>0</difficult>
		<bndbox>
			<xmin>447</xmin>
			<ymin>731</ymin>
			<xmax>482</xmax>
			<ymax>766</ymax>
		</bndbox>
	</object>
	<object>
		<name>Anticarsia_gemmatalis</name>
		<pose>Unspecified</pose>
		<truncated>0</truncated>
		<difficult>0</difficult>
		<bndbox>
			<xmin>233</xmin>
			<ymin>325</ymin>
			<xmax>309</xmax>
			<ymax>426</ymax>
		</bndbox>
	</object>
</annotation>
