<annotation>
	<folder>INSECT12C</folder>
	<filename>img1082.jpg</filename>
	<path>C:\INSECT12C\img1082.jpg</path>
	<source>
		<database>Unknown</database>
	</source>
	<size>
		<width>800</width>
		<height>600</height>
		<depth>3</depth>
	</size>
	<segmented>0</segmented>
	<object>
		<name>Euschistus_heros_adulto</name>
		<pose>Unspecified</pose>
		<truncated>0</truncated>
		<difficult>0</difficult>
		<bndbox>
			<xmin>310</xmin>
			<ymin>260</ymin>
			<xmax>346</xmax>
			<ymax>291</ymax>
		</bndbox>
	</object>
	<object>
		<name>Euschistus_heros_adulto</name>
		<pose>Unspecified</pose>
		<truncated>0</truncated>
		<difficult>0</difficult>
		<bndbox>
			<xmin>376</xmin>
			<ymin>338</ymin>
			<xmax>437</xmax>
			<ymax>389</ymax>
		</bndbox>
	</object>
</annotation>
