<annotation>
	<folder>INSECT12C</folder>
	<filename>img1188.jpg</filename>
	<path>C:\INSECT12C\img1188.jpg</path>
	<source>
		<database>Unknown</database>
	</source>
	<size>
		<width>600</width>
		<height>800</height>
		<depth>3</depth>
	</size>
	<segmented>0</segmented>
	<object>
		<name>Euschistus_heros_adulto</name>
		<pose>Unspecified</pose>
		<truncated>0</truncated>
		<difficult>0</difficult>
		<bndbox>
			<xmin>436</xmin>
			<ymin>495</ymin>
			<xmax>494</xmax>
			<ymax>564</ymax>
		</bndbox>
	</object>
	<object>
		<name>Gastropoda</name>
		<pose>Unspecified</pose>
		<truncated>0</truncated>
		<difficult>0</difficult>
		<bndbox>
			<xmin>241</xmin>
			<ymin>415</ymin>
			<xmax>341</xmax>
			<ymax>492</ymax>
		</bndbox>
	</object>
</annotation>
