<annotation>
	<folder>INSECT12C</folder>
	<filename>img1162.jpg</filename>
	<path>C:\INSECT12C\img1162.jpg</path>
	<source>
		<database>Unknown</database>
	</source>
	<size>
		<width>800</width>
		<height>600</height>
		<depth>3</depth>
	</size>
	<segmented>0</segmented>
	<object>
		<name>Anticarsia_gemmatalis</name>
		<pose>Unspecified</pose>
		<truncated>0</truncated>
		<difficult>0</difficult>
		<bndbox>
			<xmin>254</xmin>
			<ymin>231</ymin>
			<xmax>365</xmax>
			<ymax>331</ymax>
		</bndbox>
	</object>
</annotation>
