<annotation>
	<folder>INSECT12C</folder>
	<filename>img1101.jpg</filename>
	<path>C:\INSECT12C\img1101.jpg</path>
	<source>
		<database>Unknown</database>
	</source>
	<size>
		<width>600</width>
		<height>800</height>
		<depth>3</depth>
	</size>
	<segmented>0</segmented>
	<object>
		<name>Euschistus_heros_ninfa</name>
		<pose>Unspecified</pose>
		<truncated>0</truncated>
		<difficult>0</difficult>
		<bndbox>
			<xmin>171</xmin>
			<ymin>368</ymin>
			<xmax>233</xmax>
			<ymax>436</ymax>
		</bndbox>
	</object>
	<object>
		<name>Spodoptera_albula</name>
		<pose>Unspecified</pose>
		<truncated>0</truncated>
		<difficult>0</difficult>
		<bndbox>
			<xmin>393</xmin>
			<ymin>322</ymin>
			<xmax>458</xmax>
			<ymax>426</ymax>
		</bndbox>
	</object>
</annotation>
