<annotation>
	<folder>INSECT12C</folder>
	<filename>img1114.jpg</filename>
	<path>C:\INSECT12C\img1114.jpg</path>
	<source>
		<database>Unknown</database>
	</source>
	<size>
		<width>600</width>
		<height>800</height>
		<depth>3</depth>
	</size>
	<segmented>0</segmented>
	<object>
		<name>Euschistus_heros_adulto</name>
		<pose>Unspecified</pose>
		<truncated>0</truncated>
		<difficult>0</difficult>
		<bndbox>
			<xmin>337</xmin>
			<ymin>374</ymin>
			<xmax>379</xmax>
			<ymax>423</ymax>
		</bndbox>
	</object>
	<object>
		<name>Euschistus_heros_adulto</name>
		<pose>Unspecified</pose>
		<truncated>0</truncated>
		<difficult>0</difficult>
		<bndbox>
			<xmin>500</xmin>
			<ymin>454</ymin>
			<xmax>540</xmax>
			<ymax>489</ymax>
		</bndbox>
	</object>
</annotation>
