<annotation>
	<folder>INSECT12C</folder>
	<filename>img1111.jpg</filename>
	<path>C:\INSECT12C\img1111.jpg</path>
	<source>
		<database>Unknown</database>
	</source>
	<size>
		<width>600</width>
		<height>800</height>
		<depth>3</depth>
	</size>
	<segmented>0</segmented>
	<object>
		<name>Euschistus_heros_adulto</name>
		<pose>Unspecified</pose>
		<truncated>0</truncated>
		<difficult>0</difficult>
		<bndbox>
			<xmin>387</xmin>
			<ymin>432</ymin>
			<xmax>422</xmax>
			<ymax>465</ymax>
		</bndbox>
	</object>
	<object>
		<name>Euschistus_heros_ninfa</name>
		<pose>Unspecified</pose>
		<truncated>0</truncated>
		<difficult>0</difficult>
		<bndbox>
			<xmin>153</xmin>
			<ymin>437</ymin>
			<xmax>178</xmax>
			<ymax>464</ymax>
		</bndbox>
	</object>
</annotation>
