<annotation>
	<folder>INSECT12C</folder>
	<filename>img1156.jpg</filename>
	<path>C:\INSECT12C\img1156.jpg</path>
	<source>
		<database>Unknown</database>
	</source>
	<size>
		<width>600</width>
		<height>800</height>
		<depth>3</depth>
	</size>
	<segmented>0</segmented>
	<object>
		<name>Euschistus_heros_adulto</name>
		<pose>Unspecified</pose>
		<truncated>0</truncated>
		<difficult>0</difficult>
		<bndbox>
			<xmin>250</xmin>
			<ymin>402</ymin>
			<xmax>288</xmax>
			<ymax>437</ymax>
		</bndbox>
	</object>
	<object>
		<name>Euschistus_heros_adulto</name>
		<pose>Unspecified</pose>
		<truncated>0</truncated>
		<difficult>0</difficult>
		<bndbox>
			<xmin>266</xmin>
			<ymin>514</ymin>
			<xmax>301</xmax>
			<ymax>552</ymax>
		</bndbox>
	</object>
</annotation>
