<annotation>
	<folder>INSECT12C</folder>
	<filename>img1120.jpg</filename>
	<path>C:\INSECT12C\img1120.jpg</path>
	<source>
		<database>Unknown</database>
	</source>
	<size>
		<width>600</width>
		<height>800</height>
		<depth>3</depth>
	</size>
	<segmented>0</segmented>
	<object>
		<name>Rhammatocerus_schistocercoides</name>
		<pose>Unspecified</pose>
		<truncated>0</truncated>
		<difficult>0</difficult>
		<bndbox>
			<xmin>218</xmin>
			<ymin>328</ymin>
			<xmax>301</xmax>
			<ymax>397</ymax>
		</bndbox>
	</object>
	<object>
		<name>Euschistus_heros_ninfa</name>
		<pose>Unspecified</pose>
		<truncated>0</truncated>
		<difficult>0</difficult>
		<bndbox>
			<xmin>488</xmin>
			<ymin>478</ymin>
			<xmax>552</xmax>
			<ymax>543</ymax>
		</bndbox>
	</object>
	<object>
		<name>Euschistus_heros_adulto</name>
		<pose>Unspecified</pose>
		<truncated>0</truncated>
		<difficult>0</difficult>
		<bndbox>
			<xmin>237</xmin>
			<ymin>50</ymin>
			<xmax>293</xmax>
			<ymax>120</ymax>
		</bndbox>
	</object>
</annotation>
