<annotation>
	<folder>INSECT12C</folder>
	<filename>img1103.jpg</filename>
	<path>C:\INSECT12C\img1103.jpg</path>
	<source>
		<database>Unknown</database>
	</source>
	<size>
		<width>800</width>
		<height>600</height>
		<depth>3</depth>
	</size>
	<segmented>0</segmented>
	<object>
		<name>Euschistus_heros_adulto</name>
		<pose>Unspecified</pose>
		<truncated>0</truncated>
		<difficult>0</difficult>
		<bndbox>
			<xmin>437</xmin>
			<ymin>360</ymin>
			<xmax>460</xmax>
			<ymax>382</ymax>
		</bndbox>
	</object>
	<object>
		<name>Euschistus_heros_ninfa</name>
		<pose>Unspecified</pose>
		<truncated>0</truncated>
		<difficult>0</difficult>
		<bndbox>
			<xmin>461</xmin>
			<ymin>219</ymin>
			<xmax>493</xmax>
			<ymax>248</ymax>
		</bndbox>
	</object>
</annotation>
