<annotation>
	<folder>INSECT12C</folder>
	<filename>img1153.jpg</filename>
	<path>C:\INSECT12C\img1153.jpg</path>
	<source>
		<database>Unknown</database>
	</source>
	<size>
		<width>600</width>
		<height>800</height>
		<depth>3</depth>
	</size>
	<segmented>0</segmented>
	<object>
		<name>Spodoptera_albula</name>
		<pose>Unspecified</pose>
		<truncated>0</truncated>
		<difficult>0</difficult>
		<bndbox>
			<xmin>450</xmin>
			<ymin>649</ymin>
			<xmax>567</xmax>
			<ymax>725</ymax>
		</bndbox>
	</object>
	<object>
		<name>Gastropoda</name>
		<pose>Unspecified</pose>
		<truncated>0</truncated>
		<difficult>0</difficult>
		<bndbox>
			<xmin>352</xmin>
			<ymin>347</ymin>
			<xmax>402</xmax>
			<ymax>395</ymax>
		</bndbox>
	</object>
</annotation>
