<annotation>
	<folder>INSECT12C</folder>
	<filename>img1349.jpg</filename>
	<path>C:\INSECT12C\img1349.jpg</path>
	<source>
		<database>Unknown</database>
	</source>
	<size>
		<width>800</width>
		<height>600</height>
		<depth>3</depth>
	</size>
	<segmented>0</segmented>
	<object>
		<name>Euschistus_heros_adulto</name>
		<pose>Unspecified</pose>
		<truncated>0</truncated>
		<difficult>0</difficult>
		<bndbox>
			<xmin>90</xmin>
			<ymin>56</ymin>
			<xmax>188</xmax>
			<ymax>165</ymax>
		</bndbox>
	</object>
	<object>
		<name>Euschistus_heros_adulto</name>
		<pose>Unspecified</pose>
		<truncated>1</truncated>
		<difficult>0</difficult>
		<bndbox>
			<xmin>605</xmin>
			<ymin>404</ymin>
			<xmax>784</xmax>
			<ymax>600</ymax>
		</bndbox>
	</object>
</annotation>
