<annotation>
	<folder>INSECT12C</folder>
	<filename>img1339.jpg</filename>
	<path>C:\INSECT12C\img1339.jpg</path>
	<source>
		<database>Unknown</database>
	</source>
	<size>
		<width>600</width>
		<height>800</height>
		<depth>3</depth>
	</size>
	<segmented>0</segmented>
	<object>
		<name>Euschistus_heros_ninfa</name>
		<pose>Unspecified</pose>
		<truncated>0</truncated>
		<difficult>0</difficult>
		<bndbox>
			<xmin>120</xmin>
			<ymin>610</ymin>
			<xmax>151</xmax>
			<ymax>637</ymax>
		</bndbox>
	</object>
	<object>
		<name>Euschistus_heros_ninfa</name>
		<pose>Unspecified</pose>
		<truncated>0</truncated>
		<difficult>0</difficult>
		<bndbox>
			<xmin>283</xmin>
			<ymin>405</ymin>
			<xmax>323</xmax>
			<ymax>446</ymax>
		</bndbox>
	</object>
	<object>
		<name>Nezara_viridula_adulto</name>
		<pose>Unspecified</pose>
		<truncated>0</truncated>
		<difficult>0</difficult>
		<bndbox>
			<xmin>123</xmin>
			<ymin>363</ymin>
			<xmax>194</xmax>
			<ymax>418</ymax>
		</bndbox>
	</object>
</annotation>
