<annotation>
	<folder>INSECT12C</folder>
	<filename>img1327.jpg</filename>
	<path>C:\INSECT12C\img1327.jpg</path>
	<source>
		<database>Unknown</database>
	</source>
	<size>
		<width>800</width>
		<height>600</height>
		<depth>3</depth>
	</size>
	<segmented>0</segmented>
	<object>
		<name>Euschistus_heros_adulto</name>
		<pose>Unspecified</pose>
		<truncated>0</truncated>
		<difficult>0</difficult>
		<bndbox>
			<xmin>97</xmin>
			<ymin>534</ymin>
			<xmax>135</xmax>
			<ymax>568</ymax>
		</bndbox>
	</object>
	<object>
		<name>Anticarsia_gemmatalis</name>
		<pose>Unspecified</pose>
		<truncated>0</truncated>
		<difficult>0</difficult>
		<bndbox>
			<xmin>438</xmin>
			<ymin>344</ymin>
			<xmax>560</xmax>
			<ymax>418</ymax>
		</bndbox>
	</object>
</annotation>
