<annotation>
	<folder>INSECT12C</folder>
	<filename>img1204.jpg</filename>
	<path>C:\INSECT12C\img1204.jpg</path>
	<source>
		<database>Unknown</database>
	</source>
	<size>
		<width>600</width>
		<height>800</height>
		<depth>3</depth>
	</size>
	<segmented>0</segmented>
	<object>
		<name>Diabrotica_speciosa</name>
		<pose>Unspecified</pose>
		<truncated>0</truncated>
		<difficult>0</difficult>
		<bndbox>
			<xmin>376</xmin>
			<ymin>554</ymin>
			<xmax>396</xmax>
			<ymax>571</ymax>
		</bndbox>
	</object>
	<object>
		<name>Diabrotica_speciosa</name>
		<pose>Unspecified</pose>
		<truncated>0</truncated>
		<difficult>0</difficult>
		<bndbox>
			<xmin>358</xmin>
			<ymin>242</ymin>
			<xmax>384</xmax>
			<ymax>264</ymax>
		</bndbox>
	</object>
</annotation>
