<annotation>
	<folder>INSECT12C</folder>
	<filename>img1345.jpg</filename>
	<path>C:\INSECT12C\img1345.jpg</path>
	<source>
		<database>Unknown</database>
	</source>
	<size>
		<width>600</width>
		<height>800</height>
		<depth>3</depth>
	</size>
	<segmented>0</segmented>
	<object>
		<name>Euschistus_heros_ninfa</name>
		<pose>Unspecified</pose>
		<truncated>1</truncated>
		<difficult>0</difficult>
		<bndbox>
			<xmin>1</xmin>
			<ymin>258</ymin>
			<xmax>33</xmax>
			<ymax>293</ymax>
		</bndbox>
	</object>
	<object>
		<name>Euschistus_heros_adulto</name>
		<pose>Unspecified</pose>
		<truncated>0</truncated>
		<difficult>0</difficult>
		<bndbox>
			<xmin>417</xmin>
			<ymin>453</ymin>
			<xmax>466</xmax>
			<ymax>496</ymax>
		</bndbox>
	</object>
	<object>
		<name>Euschistus_heros_adulto</name>
		<pose>Unspecified</pose>
		<truncated>0</truncated>
		<difficult>0</difficult>
		<bndbox>
			<xmin>253</xmin>
			<ymin>347</ymin>
			<xmax>296</xmax>
			<ymax>393</ymax>
		</bndbox>
	</object>
	<object>
		<name>Euschistus_heros_ninfa</name>
		<pose>Unspecified</pose>
		<truncated>0</truncated>
		<difficult>0</difficult>
		<bndbox>
			<xmin>291</xmin>
			<ymin>400</ymin>
			<xmax>327</xmax>
			<ymax>435</ymax>
		</bndbox>
	</object>
</annotation>
