<annotation>
	<folder>INSECT12C</folder>
	<filename>img1287.jpg</filename>
	<path>C:\INSECT12C\img1287.jpg</path>
	<source>
		<database>Unknown</database>
	</source>
	<size>
		<width>600</width>
		<height>800</height>
		<depth>3</depth>
	</size>
	<segmented>0</segmented>
	<object>
		<name>Euschistus_heros_ninfa</name>
		<pose>Unspecified</pose>
		<truncated>0</truncated>
		<difficult>0</difficult>
		<bndbox>
			<xmin>299</xmin>
			<ymin>477</ymin>
			<xmax>340</xmax>
			<ymax>507</ymax>
		</bndbox>
	</object>
	<object>
		<name>Euschistus_heros_ninfa</name>
		<pose>Unspecified</pose>
		<truncated>0</truncated>
		<difficult>0</difficult>
		<bndbox>
			<xmin>350</xmin>
			<ymin>423</ymin>
			<xmax>394</xmax>
			<ymax>454</ymax>
		</bndbox>
	</object>
</annotation>
