<annotation>
	<folder>INSECT12C</folder>
	<filename>img1203.jpg</filename>
	<path>C:\INSECT12C\img1203.jpg</path>
	<source>
		<database>Unknown</database>
	</source>
	<size>
		<width>800</width>
		<height>600</height>
		<depth>3</depth>
	</size>
	<segmented>0</segmented>
	<object>
		<name>Euschistus_heros_ninfa</name>
		<pose>Unspecified</pose>
		<truncated>0</truncated>
		<difficult>0</difficult>
		<bndbox>
			<xmin>340</xmin>
			<ymin>200</ymin>
			<xmax>377</xmax>
			<ymax>234</ymax>
		</bndbox>
	</object>
	<object>
		<name>Gastropoda</name>
		<pose>Unspecified</pose>
		<truncated>0</truncated>
		<difficult>0</difficult>
		<bndbox>
			<xmin>301</xmin>
			<ymin>278</ymin>
			<xmax>362</xmax>
			<ymax>346</ymax>
		</bndbox>
	</object>
</annotation>
