<annotation>
	<folder>INSECT12C</folder>
	<filename>img1308.jpg</filename>
	<path>C:\INSECT12C\img1308.jpg</path>
	<source>
		<database>Unknown</database>
	</source>
	<size>
		<width>600</width>
		<height>800</height>
		<depth>3</depth>
	</size>
	<segmented>0</segmented>
	<object>
		<name>Euschistus_heros_ninfa</name>
		<pose>Unspecified</pose>
		<truncated>0</truncated>
		<difficult>0</difficult>
		<bndbox>
			<xmin>317</xmin>
			<ymin>273</ymin>
			<xmax>383</xmax>
			<ymax>352</ymax>
		</bndbox>
	</object>
	<object>
		<name>Spodoptera_albula</name>
		<pose>Unspecified</pose>
		<truncated>0</truncated>
		<difficult>0</difficult>
		<bndbox>
			<xmin>443</xmin>
			<ymin>701</ymin>
			<xmax>496</xmax>
			<ymax>791</ymax>
		</bndbox>
	</object>
</annotation>
