<annotation>
	<folder>INSECT12C</folder>
	<filename>img1305.jpg</filename>
	<path>C:\INSECT12C\img1305.jpg</path>
	<source>
		<database>Unknown</database>
	</source>
	<size>
		<width>600</width>
		<height>800</height>
		<depth>3</depth>
	</size>
	<segmented>0</segmented>
	<object>
		<name>Euschistus_heros_adulto</name>
		<pose>Unspecified</pose>
		<truncated>0</truncated>
		<difficult>0</difficult>
		<bndbox>
			<xmin>264</xmin>
			<ymin>309</ymin>
			<xmax>297</xmax>
			<ymax>342</ymax>
		</bndbox>
	</object>
	<object>
		<name>Euschistus_heros_adulto</name>
		<pose>Unspecified</pose>
		<truncated>0</truncated>
		<difficult>0</difficult>
		<bndbox>
			<xmin>226</xmin>
			<ymin>370</ymin>
			<xmax>270</xmax>
			<ymax>405</ymax>
		</bndbox>
	</object>
</annotation>
