<annotation>
	<folder>INSECT12C</folder>
	<filename>img1267.jpg</filename>
	<path>C:\INSECT12C\img1267.jpg</path>
	<source>
		<database>Unknown</database>
	</source>
	<size>
		<width>600</width>
		<height>800</height>
		<depth>3</depth>
	</size>
	<segmented>0</segmented>
	<object>
		<name>Spodoptera_albula</name>
		<pose>Unspecified</pose>
		<truncated>0</truncated>
		<difficult>0</difficult>
		<bndbox>
			<xmin>239</xmin>
			<ymin>244</ymin>
			<xmax>276</xmax>
			<ymax>311</ymax>
		</bndbox>
	</object>
	<object>
		<name>Euschistus_heros_ninfa</name>
		<pose>Unspecified</pose>
		<truncated>0</truncated>
		<difficult>0</difficult>
		<bndbox>
			<xmin>294</xmin>
			<ymin>566</ymin>
			<xmax>332</xmax>
			<ymax>602</ymax>
		</bndbox>
	</object>
</annotation>
