<annotation>
	<folder>INSECT12C</folder>
	<filename>img1319.jpg</filename>
	<path>C:\INSECT12C\img1319.jpg</path>
	<source>
		<database>Unknown</database>
	</source>
	<size>
		<width>600</width>
		<height>800</height>
		<depth>3</depth>
	</size>
	<segmented>0</segmented>
	<object>
		<name>Euschistus_heros_adulto</name>
		<pose>Unspecified</pose>
		<truncated>0</truncated>
		<difficult>0</difficult>
		<bndbox>
			<xmin>226</xmin>
			<ymin>554</ymin>
			<xmax>283</xmax>
			<ymax>610</ymax>
		</bndbox>
	</object>
	<object>
		<name>Gastropoda</name>
		<pose>Unspecified</pose>
		<truncated>0</truncated>
		<difficult>0</difficult>
		<bndbox>
			<xmin>256</xmin>
			<ymin>133</ymin>
			<xmax>312</xmax>
			<ymax>188</ymax>
		</bndbox>
	</object>
</annotation>
