<annotation>
	<folder>INSECT12C</folder>
	<filename>img1246.jpg</filename>
	<path>C:\INSECT12C\img1246.jpg</path>
	<source>
		<database>Unknown</database>
	</source>
	<size>
		<width>600</width>
		<height>800</height>
		<depth>3</depth>
	</size>
	<segmented>0</segmented>
	<object>
		<name>Gastropoda</name>
		<pose>Unspecified</pose>
		<truncated>0</truncated>
		<difficult>0</difficult>
		<bndbox>
			<xmin>185</xmin>
			<ymin>279</ymin>
			<xmax>219</xmax>
			<ymax>309</ymax>
		</bndbox>
	</object>
	<object>
		<name>Euschistus_heros_adulto</name>
		<pose>Unspecified</pose>
		<truncated>0</truncated>
		<difficult>0</difficult>
		<bndbox>
			<xmin>292</xmin>
			<ymin>687</ymin>
			<xmax>347</xmax>
			<ymax>735</ymax>
		</bndbox>
	</object>
</annotation>
