<annotation>
	<folder>INSECT12C</folder>
	<filename>img1230.jpg</filename>
	<path>C:\INSECT12C\img1230.jpg</path>
	<source>
		<database>Unknown</database>
	</source>
	<size>
		<width>600</width>
		<height>800</height>
		<depth>3</depth>
	</size>
	<segmented>0</segmented>
	<object>
		<name>Diabrotica_speciosa</name>
		<pose>Unspecified</pose>
		<truncated>0</truncated>
		<difficult>0</difficult>
		<bndbox>
			<xmin>345</xmin>
			<ymin>493</ymin>
			<xmax>371</xmax>
			<ymax>518</ymax>
		</bndbox>
	</object>
	<object>
		<name>Diabrotica_speciosa</name>
		<pose>Unspecified</pose>
		<truncated>0</truncated>
		<difficult>0</difficult>
		<bndbox>
			<xmin>222</xmin>
			<ymin>80</ymin>
			<xmax>264</xmax>
			<ymax>111</ymax>
		</bndbox>
	</object>
</annotation>
