<annotation>
	<folder>INSECT12C</folder>
	<filename>img1296.jpg</filename>
	<path>C:\INSECT12C\img1296.jpg</path>
	<source>
		<database>Unknown</database>
	</source>
	<size>
		<width>600</width>
		<height>800</height>
		<depth>3</depth>
	</size>
	<segmented>0</segmented>
	<object>
		<name>Euschistus_heros_adulto</name>
		<pose>Unspecified</pose>
		<truncated>0</truncated>
		<difficult>0</difficult>
		<bndbox>
			<xmin>176</xmin>
			<ymin>447</ymin>
			<xmax>253</xmax>
			<ymax>504</ymax>
		</bndbox>
	</object>
	<object>
		<name>Euschistus_heros_adulto</name>
		<pose>Unspecified</pose>
		<truncated>0</truncated>
		<difficult>0</difficult>
		<bndbox>
			<xmin>305</xmin>
			<ymin>420</ymin>
			<xmax>366</xmax>
			<ymax>466</ymax>
		</bndbox>
	</object>
</annotation>
