<annotation>
	<folder>INSECT12C</folder>
	<filename>img1228.jpg</filename>
	<path>C:\INSECT12C\img1228.jpg</path>
	<source>
		<database>Unknown</database>
	</source>
	<size>
		<width>600</width>
		<height>800</height>
		<depth>3</depth>
	</size>
	<segmented>0</segmented>
	<object>
		<name>Euschistus_heros_adulto</name>
		<pose>Unspecified</pose>
		<truncated>0</truncated>
		<difficult>0</difficult>
		<bndbox>
			<xmin>220</xmin>
			<ymin>539</ymin>
			<xmax>263</xmax>
			<ymax>589</ymax>
		</bndbox>
	</object>
	<object>
		<name>Euschistus_heros_ninfa</name>
		<pose>Unspecified</pose>
		<truncated>0</truncated>
		<difficult>0</difficult>
		<bndbox>
			<xmin>223</xmin>
			<ymin>236</ymin>
			<xmax>251</xmax>
			<ymax>263</ymax>
		</bndbox>
	</object>
</annotation>
