<annotation>
	<folder>INSECT12C</folder>
	<filename>img1297.jpg</filename>
	<path>C:\INSECT12C\img1297.jpg</path>
	<source>
		<database>Unknown</database>
	</source>
	<size>
		<width>600</width>
		<height>800</height>
		<depth>3</depth>
	</size>
	<segmented>0</segmented>
	<object>
		<name>Euschistus_heros_adulto</name>
		<pose>Unspecified</pose>
		<truncated>0</truncated>
		<difficult>0</difficult>
		<bndbox>
			<xmin>217</xmin>
			<ymin>591</ymin>
			<xmax>291</xmax>
			<ymax>642</ymax>
		</bndbox>
	</object>
	<object>
		<name>Spodoptera_albula</name>
		<pose>Unspecified</pose>
		<truncated>0</truncated>
		<difficult>0</difficult>
		<bndbox>
			<xmin>330</xmin>
			<ymin>301</ymin>
			<xmax>371</xmax>
			<ymax>342</ymax>
		</bndbox>
	</object>
</annotation>
