<annotation>
	<folder>INSECT12C</folder>
	<filename>img1303.jpg</filename>
	<path>C:\INSECT12C\img1303.jpg</path>
	<source>
		<database>Unknown</database>
	</source>
	<size>
		<width>600</width>
		<height>800</height>
		<depth>3</depth>
	</size>
	<segmented>0</segmented>
	<object>
		<name>Euschistus_heros_adulto</name>
		<pose>Unspecified</pose>
		<truncated>0</truncated>
		<difficult>0</difficult>
		<bndbox>
			<xmin>260</xmin>
			<ymin>320</ymin>
			<xmax>296</xmax>
			<ymax>354</ymax>
		</bndbox>
	</object>
	<object>
		<name>Euschistus_heros_ninfa</name>
		<pose>Unspecified</pose>
		<truncated>0</truncated>
		<difficult>0</difficult>
		<bndbox>
			<xmin>46</xmin>
			<ymin>306</ymin>
			<xmax>90</xmax>
			<ymax>344</ymax>
		</bndbox>
	</object>
</annotation>
