<annotation>
	<folder>INSECT12C</folder>
	<filename>img1211.jpg</filename>
	<path>C:\INSECT12C\img1211.jpg</path>
	<source>
		<database>Unknown</database>
	</source>
	<size>
		<width>600</width>
		<height>800</height>
		<depth>3</depth>
	</size>
	<segmented>0</segmented>
	<object>
		<name>Euschistus_heros_adulto</name>
		<pose>Unspecified</pose>
		<truncated>0</truncated>
		<difficult>0</difficult>
		<bndbox>
			<xmin>245</xmin>
			<ymin>288</ymin>
			<xmax>274</xmax>
			<ymax>321</ymax>
		</bndbox>
	</object>
	<object>
		<name>Euschistus_heros_adulto</name>
		<pose>Unspecified</pose>
		<truncated>0</truncated>
		<difficult>0</difficult>
		<bndbox>
			<xmin>274</xmin>
			<ymin>297</ymin>
			<xmax>309</xmax>
			<ymax>330</ymax>
		</bndbox>
	</object>
</annotation>
