<annotation>
	<folder>INSECT12C</folder>
	<filename>img1341.jpg</filename>
	<path>C:\INSECT12C\img1341.jpg</path>
	<source>
		<database>Unknown</database>
	</source>
	<size>
		<width>600</width>
		<height>800</height>
		<depth>3</depth>
	</size>
	<segmented>0</segmented>
	<object>
		<name>Euschistus_heros_adulto</name>
		<pose>Unspecified</pose>
		<truncated>0</truncated>
		<difficult>0</difficult>
		<bndbox>
			<xmin>374</xmin>
			<ymin>497</ymin>
			<xmax>397</xmax>
			<ymax>526</ymax>
		</bndbox>
	</object>
	<object>
		<name>Euschistus_heros_adulto</name>
		<pose>Unspecified</pose>
		<truncated>0</truncated>
		<difficult>0</difficult>
		<bndbox>
			<xmin>193</xmin>
			<ymin>294</ymin>
			<xmax>215</xmax>
			<ymax>317</ymax>
		</bndbox>
	</object>
</annotation>
