<annotation>
	<folder>INSECT12C</folder>
	<filename>img1268.jpg</filename>
	<path>C:\INSECT12C\img1268.jpg</path>
	<source>
		<database>Unknown</database>
	</source>
	<size>
		<width>600</width>
		<height>800</height>
		<depth>3</depth>
	</size>
	<segmented>0</segmented>
	<object>
		<name>Anticarsia_gemmatalis</name>
		<pose>Unspecified</pose>
		<truncated>0</truncated>
		<difficult>0</difficult>
		<bndbox>
			<xmin>255</xmin>
			<ymin>412</ymin>
			<xmax>358</xmax>
			<ymax>456</ymax>
		</bndbox>
	</object>
	<object>
		<name>Euschistus_heros_ninfa</name>
		<pose>Unspecified</pose>
		<truncated>0</truncated>
		<difficult>0</difficult>
		<bndbox>
			<xmin>206</xmin>
			<ymin>511</ymin>
			<xmax>246</xmax>
			<ymax>545</ymax>
		</bndbox>
	</object>
</annotation>
