<annotation>
	<folder>INSECT12C</folder>
	<filename>img1022.jpg</filename>
	<path>C:\INSECT12C\img1022.jpg</path>
	<source>
		<database>Unknown</database>
	</source>
	<size>
		<width>600</width>
		<height>800</height>
		<depth>3</depth>
	</size>
	<segmented>0</segmented>
	<object>
		<name>Euschistus_heros_adulto</name>
		<pose>Unspecified</pose>
		<truncated>0</truncated>
		<difficult>0</difficult>
		<bndbox>
			<xmin>279</xmin>
			<ymin>454</ymin>
			<xmax>340</xmax>
			<ymax>512</ymax>
		</bndbox>
	</object>
	<object>
		<name>Euschistus_heros_adulto</name>
		<pose>Unspecified</pose>
		<truncated>0</truncated>
		<difficult>0</difficult>
		<bndbox>
			<xmin>541</xmin>
			<ymin>388</ymin>
			<xmax>570</xmax>
			<ymax>415</ymax>
		</bndbox>
	</object>
</annotation>
