<annotation>
	<folder>INSECT12C</folder>
	<filename>img1045.jpg</filename>
	<path>C:\INSECT12C\img1045.jpg</path>
	<source>
		<database>Unknown</database>
	</source>
	<size>
		<width>600</width>
		<height>800</height>
		<depth>3</depth>
	</size>
	<segmented>0</segmented>
	<object>
		<name>Euschistus_heros_adulto</name>
		<pose>Unspecified</pose>
		<truncated>0</truncated>
		<difficult>0</difficult>
		<bndbox>
			<xmin>102</xmin>
			<ymin>122</ymin>
			<xmax>168</xmax>
			<ymax>193</ymax>
		</bndbox>
	</object>
	<object>
		<name>Euschistus_heros_ninfa</name>
		<pose>Unspecified</pose>
		<truncated>0</truncated>
		<difficult>0</difficult>
		<bndbox>
			<xmin>224</xmin>
			<ymin>445</ymin>
			<xmax>276</xmax>
			<ymax>494</ymax>
		</bndbox>
	</object>
</annotation>
