<annotation>
	<folder>INSECT12C</folder>
	<filename>img1011.jpg</filename>
	<path>C:\INSECT12C\img1011.jpg</path>
	<source>
		<database>Unknown</database>
	</source>
	<size>
		<width>600</width>
		<height>800</height>
		<depth>3</depth>
	</size>
	<segmented>0</segmented>
	<object>
		<name>Diabrotica_speciosa</name>
		<pose>Unspecified</pose>
		<truncated>0</truncated>
		<difficult>0</difficult>
		<bndbox>
			<xmin>335</xmin>
			<ymin>411</ymin>
			<xmax>396</xmax>
			<ymax>478</ymax>
		</bndbox>
	</object>
</annotation>
