<annotation>
	<folder>INSECT12C</folder>
	<filename>img927.jpg</filename>
	<path>C:\INSECT12C\img927.jpg</path>
	<source>
		<database>Unknown</database>
	</source>
	<size>
		<width>600</width>
		<height>800</height>
		<depth>3</depth>
	</size>
	<segmented>0</segmented>
	<object>
		<name>Euschistus_heros_adulto</name>
		<pose>Unspecified</pose>
		<truncated>0</truncated>
		<difficult>0</difficult>
		<bndbox>
			<xmin>210</xmin>
			<ymin>311</ymin>
			<xmax>247</xmax>
			<ymax>349</ymax>
		</bndbox>
	</object>
	<object>
		<name>Euschistus_heros_adulto</name>
		<pose>Unspecified</pose>
		<truncated>0</truncated>
		<difficult>0</difficult>
		<bndbox>
			<xmin>279</xmin>
			<ymin>380</ymin>
			<xmax>322</xmax>
			<ymax>423</ymax>
		</bndbox>
	</object>
</annotation>
