<annotation>
	<folder>INSECT12C</folder>
	<filename>img962.jpg</filename>
	<path>C:\INSECT12C\img962.jpg</path>
	<source>
		<database>Unknown</database>
	</source>
	<size>
		<width>600</width>
		<height>800</height>
		<depth>3</depth>
	</size>
	<segmented>0</segmented>
	<object>
		<name>Euschistus_heros_adulto</name>
		<pose>Unspecified</pose>
		<truncated>0</truncated>
		<difficult>0</difficult>
		<bndbox>
			<xmin>226</xmin>
			<ymin>480</ymin>
			<xmax>262</xmax>
			<ymax>511</ymax>
		</bndbox>
	</object>
	<object>
		<name>Nezara_viridula_ninfa</name>
		<pose>Unspecified</pose>
		<truncated>0</truncated>
		<difficult>0</difficult>
		<bndbox>
			<xmin>341</xmin>
			<ymin>355</ymin>
			<xmax>385</xmax>
			<ymax>398</ymax>
		</bndbox>
	</object>
</annotation>
