<annotation>
	<folder>INSECT12C</folder>
	<filename>img966.jpg</filename>
	<path>C:\INSECT12C\img966.jpg</path>
	<source>
		<database>Unknown</database>
	</source>
	<size>
		<width>600</width>
		<height>800</height>
		<depth>3</depth>
	</size>
	<segmented>0</segmented>
	<object>
		<name>Nezara_viridula_ninfa</name>
		<pose>Unspecified</pose>
		<truncated>0</truncated>
		<difficult>0</difficult>
		<bndbox>
			<xmin>284</xmin>
			<ymin>258</ymin>
			<xmax>337</xmax>
			<ymax>305</ymax>
		</bndbox>
	</object>
	<object>
		<name>Euschistus_heros_adulto</name>
		<pose>Unspecified</pose>
		<truncated>0</truncated>
		<difficult>0</difficult>
		<bndbox>
			<xmin>303</xmin>
			<ymin>567</ymin>
			<xmax>335</xmax>
			<ymax>603</ymax>
		</bndbox>
	</object>
</annotation>
