<annotation>
	<folder>INSECT12C</folder>
	<filename>img938.jpg</filename>
	<path>C:\INSECT12C\img938.jpg</path>
	<source>
		<database>Unknown</database>
	</source>
	<size>
		<width>600</width>
		<height>800</height>
		<depth>3</depth>
	</size>
	<segmented>0</segmented>
	<object>
		<name>Euschistus_heros_adulto</name>
		<pose>Unspecified</pose>
		<truncated>0</truncated>
		<difficult>0</difficult>
		<bndbox>
			<xmin>352</xmin>
			<ymin>227</ymin>
			<xmax>402</xmax>
			<ymax>268</ymax>
		</bndbox>
	</object>
	<object>
		<name>Gastropoda</name>
		<pose>Unspecified</pose>
		<truncated>0</truncated>
		<difficult>0</difficult>
		<bndbox>
			<xmin>162</xmin>
			<ymin>398</ymin>
			<xmax>219</xmax>
			<ymax>457</ymax>
		</bndbox>
	</object>
</annotation>
