<annotation>
	<folder>INSECT12C</folder>
	<filename>img954.jpg</filename>
	<path>C:\INSECT12C\img954.jpg</path>
	<source>
		<database>Unknown</database>
	</source>
	<size>
		<width>600</width>
		<height>800</height>
		<depth>3</depth>
	</size>
	<segmented>0</segmented>
	<object>
		<name>Euschistus_heros_ninfa</name>
		<pose>Unspecified</pose>
		<truncated>0</truncated>
		<difficult>0</difficult>
		<bndbox>
			<xmin>81</xmin>
			<ymin>37</ymin>
			<xmax>120</xmax>
			<ymax>71</ymax>
		</bndbox>
	</object>
	<object>
		<name>Euschistus_heros_ninfa</name>
		<pose>Unspecified</pose>
		<truncated>0</truncated>
		<difficult>0</difficult>
		<bndbox>
			<xmin>255</xmin>
			<ymin>359</ymin>
			<xmax>297</xmax>
			<ymax>396</ymax>
		</bndbox>
	</object>
</annotation>
