<annotation>
	<folder>INSECT12C</folder>
	<filename>img950.jpg</filename>
	<path>C:\INSECT12C\img950.jpg</path>
	<source>
		<database>Unknown</database>
	</source>
	<size>
		<width>600</width>
		<height>800</height>
		<depth>3</depth>
	</size>
	<segmented>0</segmented>
	<object>
		<name>Anticarsia_gemmatalis</name>
		<pose>Unspecified</pose>
		<truncated>0</truncated>
		<difficult>0</difficult>
		<bndbox>
			<xmin>236</xmin>
			<ymin>273</ymin>
			<xmax>315</xmax>
			<ymax>442</ymax>
		</bndbox>
	</object>
	<object>
		<name>Euschistus_heros_adulto</name>
		<pose>Unspecified</pose>
		<truncated>1</truncated>
		<difficult>0</difficult>
		<bndbox>
			<xmin>161</xmin>
			<ymin>767</ymin>
			<xmax>200</xmax>
			<ymax>800</ymax>
		</bndbox>
	</object>
</annotation>
