<annotation>
	<folder>INSECT12C</folder>
	<filename>img949.jpg</filename>
	<path>C:\INSECT12C\img949.jpg</path>
	<source>
		<database>Unknown</database>
	</source>
	<size>
		<width>800</width>
		<height>600</height>
		<depth>3</depth>
	</size>
	<segmented>0</segmented>
	<object>
		<name>Euschistus_heros_ninfa</name>
		<pose>Unspecified</pose>
		<truncated>0</truncated>
		<difficult>0</difficult>
		<bndbox>
			<xmin>331</xmin>
			<ymin>226</ymin>
			<xmax>395</xmax>
			<ymax>286</ymax>
		</bndbox>
	</object>
</annotation>
