<annotation>
	<folder>INSECT12C</folder>
	<filename>img974.jpg</filename>
	<path>C:\INSECT12C\img974.jpg</path>
	<source>
		<database>Unknown</database>
	</source>
	<size>
		<width>600</width>
		<height>800</height>
		<depth>3</depth>
	</size>
	<segmented>0</segmented>
	<object>
		<name>Euschistus_heros_adulto</name>
		<pose>Unspecified</pose>
		<truncated>0</truncated>
		<difficult>0</difficult>
		<bndbox>
			<xmin>305</xmin>
			<ymin>332</ymin>
			<xmax>351</xmax>
			<ymax>387</ymax>
		</bndbox>
	</object>
	<object>
		<name>Nezara_viridula_ninfa</name>
		<pose>Unspecified</pose>
		<truncated>0</truncated>
		<difficult>0</difficult>
		<bndbox>
			<xmin>448</xmin>
			<ymin>520</ymin>
			<xmax>508</xmax>
			<ymax>574</ymax>
		</bndbox>
	</object>
</annotation>
