<annotation>
	<folder>INSECT12C</folder>
	<filename>img965.jpg</filename>
	<path>C:\INSECT12C\img965.jpg</path>
	<source>
		<database>Unknown</database>
	</source>
	<size>
		<width>600</width>
		<height>800</height>
		<depth>3</depth>
	</size>
	<segmented>0</segmented>
	<object>
		<name>Anticarsia_gemmatalis</name>
		<pose>Unspecified</pose>
		<truncated>0</truncated>
		<difficult>0</difficult>
		<bndbox>
			<xmin>204</xmin>
			<ymin>290</ymin>
			<xmax>344</xmax>
			<ymax>384</ymax>
		</bndbox>
	</object>
	<object>
		<name>Euschistus_heros_adulto</name>
		<pose>Unspecified</pose>
		<truncated>0</truncated>
		<difficult>0</difficult>
		<bndbox>
			<xmin>484</xmin>
			<ymin>741</ymin>
			<xmax>521</xmax>
			<ymax>773</ymax>
		</bndbox>
	</object>
</annotation>
