<annotation>
	<folder>INSECT12C</folder>
	<filename>img933.jpg</filename>
	<path>C:\INSECT12C\img933.jpg</path>
	<source>
		<database>Unknown</database>
	</source>
	<size>
		<width>600</width>
		<height>800</height>
		<depth>3</depth>
	</size>
	<segmented>0</segmented>
	<object>
		<name>Euschistus_heros_adulto</name>
		<pose>Unspecified</pose>
		<truncated>0</truncated>
		<difficult>0</difficult>
		<bndbox>
			<xmin>169</xmin>
			<ymin>322</ymin>
			<xmax>236</xmax>
			<ymax>385</ymax>
		</bndbox>
	</object>
	<object>
		<name>Euschistus_heros_adulto</name>
		<pose>Unspecified</pose>
		<truncated>0</truncated>
		<difficult>0</difficult>
		<bndbox>
			<xmin>173</xmin>
			<ymin>382</ymin>
			<xmax>224</xmax>
			<ymax>416</ymax>
		</bndbox>
	</object>
</annotation>
