<annotation>
	<folder>INSECT12C</folder>
	<filename>img997.jpg</filename>
	<path>C:\INSECT12C\img997.jpg</path>
	<source>
		<database>Unknown</database>
	</source>
	<size>
		<width>800</width>
		<height>600</height>
		<depth>3</depth>
	</size>
	<segmented>0</segmented>
	<object>
		<name>Anticarsia_gemmatalis</name>
		<pose>Unspecified</pose>
		<truncated>0</truncated>
		<difficult>0</difficult>
		<bndbox>
			<xmin>368</xmin>
			<ymin>244</ymin>
			<xmax>470</xmax>
			<ymax>324</ymax>
		</bndbox>
	</object>
</annotation>
