<annotation>
	<folder>INSECT12C</folder>
	<filename>img926.jpg</filename>
	<path>C:\INSECT12C\img926.jpg</path>
	<source>
		<database>Unknown</database>
	</source>
	<size>
		<width>600</width>
		<height>800</height>
		<depth>3</depth>
	</size>
	<segmented>0</segmented>
	<object>
		<name>Euschistus_heros_adulto</name>
		<pose>Unspecified</pose>
		<truncated>0</truncated>
		<difficult>0</difficult>
		<bndbox>
			<xmin>325</xmin>
			<ymin>312</ymin>
			<xmax>371</xmax>
			<ymax>354</ymax>
		</bndbox>
	</object>
	<object>
		<name>Euschistus_heros_adulto</name>
		<pose>Unspecified</pose>
		<truncated>0</truncated>
		<difficult>0</difficult>
		<bndbox>
			<xmin>179</xmin>
			<ymin>358</ymin>
			<xmax>234</xmax>
			<ymax>420</ymax>
		</bndbox>
	</object>
</annotation>
