<annotation>
	<folder>INSECT12C</folder>
	<filename>img902.jpg</filename>
	<path>C:\INSECT12C\img902.jpg</path>
	<source>
		<database>Unknown</database>
	</source>
	<size>
		<width>800</width>
		<height>600</height>
		<depth>3</depth>
	</size>
	<segmented>0</segmented>
	<object>
		<name>Anticarsia_gemmatalis</name>
		<pose>Unspecified</pose>
		<truncated>0</truncated>
		<difficult>0</difficult>
		<bndbox>
			<xmin>454</xmin>
			<ymin>274</ymin>
			<xmax>515</xmax>
			<ymax>379</ymax>
		</bndbox>
	</object>
</annotation>
