<annotation>
	<folder>INSECT12C</folder>
	<filename>img977.jpg</filename>
	<path>C:\INSECT12C\img977.jpg</path>
	<source>
		<database>Unknown</database>
	</source>
	<size>
		<width>600</width>
		<height>800</height>
		<depth>3</depth>
	</size>
	<segmented>0</segmented>
	<object>
		<name>Coccinellidae</name>
		<pose>Unspecified</pose>
		<truncated>0</truncated>
		<difficult>0</difficult>
		<bndbox>
			<xmin>137</xmin>
			<ymin>200</ymin>
			<xmax>163</xmax>
			<ymax>227</ymax>
		</bndbox>
	</object>
	<object>
		<name>Spodoptera_albula</name>
		<pose>Unspecified</pose>
		<truncated>0</truncated>
		<difficult>0</difficult>
		<bndbox>
			<xmin>293</xmin>
			<ymin>308</ymin>
			<xmax>359</xmax>
			<ymax>377</ymax>
		</bndbox>
	</object>
</annotation>
