<annotation>
	<folder>INSECT12C</folder>
	<filename>img943.JPG</filename>
	<path>C:\INSECT12C\img943.JPG</path>
	<source>
		<database>Unknown</database>
	</source>
	<size>
		<width>800</width>
		<height>600</height>
		<depth>3</depth>
	</size>
	<segmented>0</segmented>
	<object>
		<name>Euschistus_heros_ninfa</name>
		<pose>Unspecified</pose>
		<truncated>0</truncated>
		<difficult>0</difficult>
		<bndbox>
			<xmin>398</xmin>
			<ymin>265</ymin>
			<xmax>452</xmax>
			<ymax>324</ymax>
		</bndbox>
	</object>
</annotation>
