<annotation>
	<folder>INSECT12C</folder>
	<filename>img951.jpg</filename>
	<path>C:\INSECT12C\img951.jpg</path>
	<source>
		<database>Unknown</database>
	</source>
	<size>
		<width>600</width>
		<height>800</height>
		<depth>3</depth>
	</size>
	<segmented>0</segmented>
	<object>
		<name>Euschistus_heros_adulto</name>
		<pose>Unspecified</pose>
		<truncated>0</truncated>
		<difficult>0</difficult>
		<bndbox>
			<xmin>165</xmin>
			<ymin>481</ymin>
			<xmax>216</xmax>
			<ymax>526</ymax>
		</bndbox>
	</object>
	<object>
		<name>Euschistus_heros_adulto</name>
		<pose>Unspecified</pose>
		<truncated>0</truncated>
		<difficult>0</difficult>
		<bndbox>
			<xmin>345</xmin>
			<ymin>422</ymin>
			<xmax>385</xmax>
			<ymax>455</ymax>
		</bndbox>
	</object>
</annotation>
