<annotation>
	<folder>INSECT12C</folder>
	<filename>img961.jpg</filename>
	<path>C:\INSECT12C\img961.jpg</path>
	<source>
		<database>Unknown</database>
	</source>
	<size>
		<width>600</width>
		<height>800</height>
		<depth>3</depth>
	</size>
	<segmented>0</segmented>
	<object>
		<name>Euschistus_heros_adulto</name>
		<pose>Unspecified</pose>
		<truncated>0</truncated>
		<difficult>0</difficult>
		<bndbox>
			<xmin>249</xmin>
			<ymin>87</ymin>
			<xmax>287</xmax>
			<ymax>129</ymax>
		</bndbox>
	</object>
	<object>
		<name>Euschistus_heros_adulto</name>
		<pose>Unspecified</pose>
		<truncated>0</truncated>
		<difficult>0</difficult>
		<bndbox>
			<xmin>145</xmin>
			<ymin>498</ymin>
			<xmax>202</xmax>
			<ymax>550</ymax>
		</bndbox>
	</object>
	<object>
		<name>Nezara_viridula_ninfa</name>
		<pose>Unspecified</pose>
		<truncated>0</truncated>
		<difficult>0</difficult>
		<bndbox>
			<xmin>330</xmin>
			<ymin>178</ymin>
			<xmax>412</xmax>
			<ymax>269</ymax>
		</bndbox>
	</object>
</annotation>
