<annotation>
	<folder>INSECT12C</folder>
	<filename>img174.jpg</filename>
	<path>C:\INSECT12C\img174.jpg</path>
	<source>
		<database>Unknown</database>
	</source>
	<size>
		<width>600</width>
		<height>800</height>
		<depth>3</depth>
	</size>
	<segmented>0</segmented>
	<object>
		<name>Nezara_viridula_adulto</name>
		<pose>Unspecified</pose>
		<truncated>0</truncated>
		<difficult>0</difficult>
		<bndbox>
			<xmin>262</xmin>
			<ymin>373</ymin>
			<xmax>332</xmax>
			<ymax>447</ymax>
		</bndbox>
	</object>
	<object>
		<name>Euschistus_heros_ninfa</name>
		<pose>Unspecified</pose>
		<truncated>0</truncated>
		<difficult>0</difficult>
		<bndbox>
			<xmin>28</xmin>
			<ymin>26</ymin>
			<xmax>62</xmax>
			<ymax>54</ymax>
		</bndbox>
	</object>
</annotation>
