<annotation>
	<folder>INSECT12C</folder>
	<filename>img182.jpg</filename>
	<path>C:\INSECT12C\img182.jpg</path>
	<source>
		<database>Unknown</database>
	</source>
	<size>
		<width>800</width>
		<height>600</height>
		<depth>3</depth>
	</size>
	<segmented>0</segmented>
	<object>
		<name>Nezara_viridula_adulto</name>
		<pose>Unspecified</pose>
		<truncated>0</truncated>
		<difficult>0</difficult>
		<bndbox>
			<xmin>400</xmin>
			<ymin>334</ymin>
			<xmax>471</xmax>
			<ymax>388</ymax>
		</bndbox>
	</object>
	<object>
		<name>Euschistus_heros_adulto</name>
		<pose>Unspecified</pose>
		<truncated>0</truncated>
		<difficult>0</difficult>
		<bndbox>
			<xmin>427</xmin>
			<ymin>511</ymin>
			<xmax>454</xmax>
			<ymax>535</ymax>
		</bndbox>
	</object>
</annotation>
