<annotation>
	<folder>INSECT12C</folder>
	<filename>img194.jpg</filename>
	<path>C:\INSECT12C\img194.jpg</path>
	<source>
		<database>Unknown</database>
	</source>
	<size>
		<width>800</width>
		<height>600</height>
		<depth>3</depth>
	</size>
	<segmented>0</segmented>
	<object>
		<name>Nezara_viridula_adulto</name>
		<pose>Unspecified</pose>
		<truncated>0</truncated>
		<difficult>0</difficult>
		<bndbox>
			<xmin>487</xmin>
			<ymin>275</ymin>
			<xmax>578</xmax>
			<ymax>340</ymax>
		</bndbox>
	</object>
	<object>
		<name>Euschistus_heros_ninfa</name>
		<pose>Unspecified</pose>
		<truncated>0</truncated>
		<difficult>0</difficult>
		<bndbox>
			<xmin>729</xmin>
			<ymin>497</ymin>
			<xmax>764</xmax>
			<ymax>531</ymax>
		</bndbox>
	</object>
</annotation>
