<annotation>
	<folder>INSECT12C</folder>
	<filename>img176.jpg</filename>
	<path>C:\INSECT12C\img176.jpg</path>
	<source>
		<database>Unknown</database>
	</source>
	<size>
		<width>600</width>
		<height>800</height>
		<depth>3</depth>
	</size>
	<segmented>0</segmented>
	<object>
		<name>Euschistus_heros_adulto</name>
		<pose>Unspecified</pose>
		<truncated>0</truncated>
		<difficult>0</difficult>
		<bndbox>
			<xmin>550</xmin>
			<ymin>561</ymin>
			<xmax>599</xmax>
			<ymax>628</ymax>
		</bndbox>
	</object>
	<object>
		<name>Coccinellidae</name>
		<pose>Unspecified</pose>
		<truncated>0</truncated>
		<difficult>0</difficult>
		<bndbox>
			<xmin>163</xmin>
			<ymin>733</ymin>
			<xmax>227</xmax>
			<ymax>798</ymax>
		</bndbox>
	</object>
</annotation>
