<annotation>
	<folder>INSECT12C</folder>
	<filename>img274.jpg</filename>
	<path>C:\INSECT12C\img274.jpg</path>
	<source>
		<database>Unknown</database>
	</source>
	<size>
		<width>800</width>
		<height>600</height>
		<depth>3</depth>
	</size>
	<segmented>0</segmented>
	<object>
		<name>Spodoptera_albula</name>
		<pose>Unspecified</pose>
		<truncated>0</truncated>
		<difficult>0</difficult>
		<bndbox>
			<xmin>331</xmin>
			<ymin>231</ymin>
			<xmax>371</xmax>
			<ymax>301</ymax>
		</bndbox>
	</object>
</annotation>
