<annotation>
	<folder>INSECT12C</folder>
	<filename>img212.jpg</filename>
	<path>C:\INSECT12C\img212.jpg</path>
	<source>
		<database>Unknown</database>
	</source>
	<size>
		<width>600</width>
		<height>800</height>
		<depth>3</depth>
	</size>
	<segmented>0</segmented>
	<object>
		<name>Edessa_meditabunda</name>
		<pose>Unspecified</pose>
		<truncated>0</truncated>
		<difficult>0</difficult>
		<bndbox>
			<xmin>168</xmin>
			<ymin>230</ymin>
			<xmax>242</xmax>
			<ymax>330</ymax>
		</bndbox>
	</object>
	<object>
		<name>Euschistus_heros_ninfa</name>
		<pose>Unspecified</pose>
		<truncated>0</truncated>
		<difficult>0</difficult>
		<bndbox>
			<xmin>422</xmin>
			<ymin>31</ymin>
			<xmax>461</xmax>
			<ymax>75</ymax>
		</bndbox>
	</object>
</annotation>
