<annotation>
	<folder>INSECT12C</folder>
	<filename>img206.jpg</filename>
	<path>C:\INSECT12C\img206.jpg</path>
	<source>
		<database>Unknown</database>
	</source>
	<size>
		<width>600</width>
		<height>800</height>
		<depth>3</depth>
	</size>
	<segmented>0</segmented>
	<object>
		<name>Nezara_viridula_adulto</name>
		<pose>Unspecified</pose>
		<truncated>0</truncated>
		<difficult>0</difficult>
		<bndbox>
			<xmin>295</xmin>
			<ymin>416</ymin>
			<xmax>370</xmax>
			<ymax>472</ymax>
		</bndbox>
	</object>
	<object>
		<name>Euschistus_heros_adulto</name>
		<pose>Unspecified</pose>
		<truncated>0</truncated>
		<difficult>0</difficult>
		<bndbox>
			<xmin>127</xmin>
			<ymin>702</ymin>
			<xmax>171</xmax>
			<ymax>739</ymax>
		</bndbox>
	</object>
</annotation>
