<annotation>
	<folder>INSECT12C</folder>
	<filename>img268.jpg</filename>
	<path>C:\INSECT12C\img268.jpg</path>
	<source>
		<database>Unknown</database>
	</source>
	<size>
		<width>800</width>
		<height>600</height>
		<depth>3</depth>
	</size>
	<segmented>0</segmented>
	<object>
		<name>Spodoptera_albula</name>
		<pose>Unspecified</pose>
		<truncated>0</truncated>
		<difficult>0</difficult>
		<bndbox>
			<xmin>420</xmin>
			<ymin>244</ymin>
			<xmax>471</xmax>
			<ymax>305</ymax>
		</bndbox>
	</object>
</annotation>
