<annotation>
	<folder>INSECT12C</folder>
	<filename>img277.JPG</filename>
	<path>C:\INSECT12C\img277.JPG</path>
	<source>
		<database>Unknown</database>
	</source>
	<size>
		<width>800</width>
		<height>600</height>
		<depth>3</depth>
	</size>
	<segmented>0</segmented>
	<object>
		<name>Euschistus_heros_adulto</name>
		<pose>Unspecified</pose>
		<truncated>0</truncated>
		<difficult>0</difficult>
		<bndbox>
			<xmin>345</xmin>
			<ymin>214</ymin>
			<xmax>433</xmax>
			<ymax>306</ymax>
		</bndbox>
	</object>
</annotation>
