<annotation>
	<folder>INSECT12C</folder>
	<filename>img242.jpg</filename>
	<path>C:\INSECT12C\img242.jpg</path>
	<source>
		<database>Unknown</database>
	</source>
	<size>
		<width>600</width>
		<height>800</height>
		<depth>3</depth>
	</size>
	<segmented>0</segmented>
	<object>
		<name>Spodoptera_albula</name>
		<pose>Unspecified</pose>
		<truncated>0</truncated>
		<difficult>0</difficult>
		<bndbox>
			<xmin>323</xmin>
			<ymin>397</ymin>
			<xmax>410</xmax>
			<ymax>517</ymax>
		</bndbox>
	</object>
	<object>
		<name>Coccinellidae</name>
		<pose>Unspecified</pose>
		<truncated>0</truncated>
		<difficult>0</difficult>
		<bndbox>
			<xmin>114</xmin>
			<ymin>235</ymin>
			<xmax>149</xmax>
			<ymax>276</ymax>
		</bndbox>
	</object>
</annotation>
