<annotation>
	<folder>INSECT12C</folder>
	<filename>img269.jpg</filename>
	<path>C:\INSECT12C\img269.jpg</path>
	<source>
		<database>Unknown</database>
	</source>
	<size>
		<width>600</width>
		<height>800</height>
		<depth>3</depth>
	</size>
	<segmented>0</segmented>
	<object>
		<name>Anticarsia_gemmatalis</name>
		<pose>Unspecified</pose>
		<truncated>0</truncated>
		<difficult>0</difficult>
		<bndbox>
			<xmin>260</xmin>
			<ymin>311</ymin>
			<xmax>366</xmax>
			<ymax>363</ymax>
		</bndbox>
	</object>
	<object>
		<name>Euschistus_heros_adulto</name>
		<pose>Unspecified</pose>
		<truncated>0</truncated>
		<difficult>0</difficult>
		<bndbox>
			<xmin>5</xmin>
			<ymin>270</ymin>
			<xmax>37</xmax>
			<ymax>298</ymax>
		</bndbox>
	</object>
</annotation>
