<annotation>
	<folder>INSECT12C</folder>
	<filename>img257.jpg</filename>
	<path>C:\INSECT12C\img257.jpg</path>
	<source>
		<database>Unknown</database>
	</source>
	<size>
		<width>600</width>
		<height>800</height>
		<depth>3</depth>
	</size>
	<segmented>0</segmented>
	<object>
		<name>Spodoptera_albula</name>
		<pose>Unspecified</pose>
		<truncated>0</truncated>
		<difficult>0</difficult>
		<bndbox>
			<xmin>146</xmin>
			<ymin>290</ymin>
			<xmax>223</xmax>
			<ymax>391</ymax>
		</bndbox>
	</object>
	<object>
		<name>Euschistus_heros_ninfa</name>
		<pose>Unspecified</pose>
		<truncated>0</truncated>
		<difficult>0</difficult>
		<bndbox>
			<xmin>322</xmin>
			<ymin>633</ymin>
			<xmax>362</xmax>
			<ymax>672</ymax>
		</bndbox>
	</object>
</annotation>
