<annotation>
	<folder>INSECT12C</folder>
	<filename>img259.jpg</filename>
	<path>C:\INSECT12C\img259.jpg</path>
	<source>
		<database>Unknown</database>
	</source>
	<size>
		<width>600</width>
		<height>800</height>
		<depth>3</depth>
	</size>
	<segmented>0</segmented>
	<object>
		<name>Euschistus_heros_adulto</name>
		<pose>Unspecified</pose>
		<truncated>0</truncated>
		<difficult>0</difficult>
		<bndbox>
			<xmin>260</xmin>
			<ymin>427</ymin>
			<xmax>300</xmax>
			<ymax>470</ymax>
		</bndbox>
	</object>
	<object>
		<name>Euschistus_heros_adulto</name>
		<pose>Unspecified</pose>
		<truncated>0</truncated>
		<difficult>0</difficult>
		<bndbox>
			<xmin>470</xmin>
			<ymin>55</ymin>
			<xmax>507</xmax>
			<ymax>102</ymax>
		</bndbox>
	</object>
</annotation>
