<annotation>
	<folder>INSECT12C</folder>
	<filename>img263.jpg</filename>
	<path>C:\INSECT12C\img263.jpg</path>
	<source>
		<database>Unknown</database>
	</source>
	<size>
		<width>800</width>
		<height>600</height>
		<depth>3</depth>
	</size>
	<segmented>0</segmented>
	<object>
		<name>Spodoptera_albula</name>
		<pose>Unspecified</pose>
		<truncated>0</truncated>
		<difficult>0</difficult>
		<bndbox>
			<xmin>428</xmin>
			<ymin>214</ymin>
			<xmax>504</xmax>
			<ymax>255</ymax>
		</bndbox>
	</object>
</annotation>
