<annotation>
	<folder>INSECT12C</folder>
	<filename>img227.jpg</filename>
	<path>C:\INSECT12C\img227.jpg</path>
	<source>
		<database>Unknown</database>
	</source>
	<size>
		<width>600</width>
		<height>800</height>
		<depth>3</depth>
	</size>
	<segmented>0</segmented>
	<object>
		<name>Euschistus_heros_ninfa</name>
		<pose>Unspecified</pose>
		<truncated>0</truncated>
		<difficult>0</difficult>
		<bndbox>
			<xmin>191</xmin>
			<ymin>491</ymin>
			<xmax>223</xmax>
			<ymax>531</ymax>
		</bndbox>
	</object>
	<object>
		<name>Edessa_meditabunda</name>
		<pose>Unspecified</pose>
		<truncated>0</truncated>
		<difficult>0</difficult>
		<bndbox>
			<xmin>189</xmin>
			<ymin>403</ymin>
			<xmax>233</xmax>
			<ymax>462</ymax>
		</bndbox>
	</object>
	<object>
		<name>Euschistus_heros_ninfa</name>
		<pose>Unspecified</pose>
		<truncated>0</truncated>
		<difficult>0</difficult>
		<bndbox>
			<xmin>329</xmin>
			<ymin>290</ymin>
			<xmax>364</xmax>
			<ymax>325</ymax>
		</bndbox>
	</object>
</annotation>
