<annotation>
	<folder>INSECT12C</folder>
	<filename>img319.jpg</filename>
	<path>C:\INSECT12C\img319.jpg</path>
	<source>
		<database>Unknown</database>
	</source>
	<size>
		<width>600</width>
		<height>800</height>
		<depth>3</depth>
	</size>
	<segmented>0</segmented>
	<object>
		<name>Euschistus_heros_ninfa</name>
		<pose>Unspecified</pose>
		<truncated>0</truncated>
		<difficult>0</difficult>
		<bndbox>
			<xmin>205</xmin>
			<ymin>203</ymin>
			<xmax>243</xmax>
			<ymax>243</ymax>
		</bndbox>
	</object>
</annotation>
