<annotation>
	<folder>INSECT12C</folder>
	<filename>img381.jpg</filename>
	<path>C:\INSECT12C\img381.jpg</path>
	<source>
		<database>Unknown</database>
	</source>
	<size>
		<width>600</width>
		<height>800</height>
		<depth>3</depth>
	</size>
	<segmented>0</segmented>
	<object>
		<name>Euschistus_heros_ninfa</name>
		<pose>Unspecified</pose>
		<truncated>0</truncated>
		<difficult>0</difficult>
		<bndbox>
			<xmin>250</xmin>
			<ymin>376</ymin>
			<xmax>305</xmax>
			<ymax>428</ymax>
		</bndbox>
	</object>
</annotation>
