<annotation>
	<folder>INSECT12C</folder>
	<filename>img324.jpg</filename>
	<path>C:\INSECT12C\img324.jpg</path>
	<source>
		<database>Unknown</database>
	</source>
	<size>
		<width>600</width>
		<height>800</height>
		<depth>3</depth>
	</size>
	<segmented>0</segmented>
	<object>
		<name>Euschistus_heros_adulto</name>
		<pose>Unspecified</pose>
		<truncated>0</truncated>
		<difficult>0</difficult>
		<bndbox>
			<xmin>292</xmin>
			<ymin>336</ymin>
			<xmax>337</xmax>
			<ymax>381</ymax>
		</bndbox>
	</object>
	<object>
		<name>Euschistus_heros_adulto</name>
		<pose>Unspecified</pose>
		<truncated>0</truncated>
		<difficult>0</difficult>
		<bndbox>
			<xmin>535</xmin>
			<ymin>654</ymin>
			<xmax>563</xmax>
			<ymax>687</ymax>
		</bndbox>
	</object>
</annotation>
