<annotation>
	<folder>INSECT12C</folder>
	<filename>img405.jpg</filename>
	<path>C:\INSECT12C\img405.jpg</path>
	<source>
		<database>Unknown</database>
	</source>
	<size>
		<width>600</width>
		<height>800</height>
		<depth>3</depth>
	</size>
	<segmented>0</segmented>
	<object>
		<name>Euschistus_heros_adulto</name>
		<pose>Unspecified</pose>
		<truncated>0</truncated>
		<difficult>0</difficult>
		<bndbox>
			<xmin>24</xmin>
			<ymin>397</ymin>
			<xmax>65</xmax>
			<ymax>438</ymax>
		</bndbox>
	</object>
	<object>
		<name>Edessa_meditabunda</name>
		<pose>Unspecified</pose>
		<truncated>0</truncated>
		<difficult>0</difficult>
		<bndbox>
			<xmin>147</xmin>
			<ymin>306</ymin>
			<xmax>217</xmax>
			<ymax>366</ymax>
		</bndbox>
	</object>
</annotation>
