<annotation>
	<folder>INSECT12C</folder>
	<filename>img442.jpg</filename>
	<path>C:\INSECT12C\img442.jpg</path>
	<source>
		<database>Unknown</database>
	</source>
	<size>
		<width>600</width>
		<height>800</height>
		<depth>3</depth>
	</size>
	<segmented>0</segmented>
	<object>
		<name>Spodoptera_albula</name>
		<pose>Unspecified</pose>
		<truncated>0</truncated>
		<difficult>0</difficult>
		<bndbox>
			<xmin>285</xmin>
			<ymin>448</ymin>
			<xmax>365</xmax>
			<ymax>552</ymax>
		</bndbox>
	</object>
	<object>
		<name>Euschistus_heros_adulto</name>
		<pose>Unspecified</pose>
		<truncated>0</truncated>
		<difficult>0</difficult>
		<bndbox>
			<xmin>201</xmin>
			<ymin>424</ymin>
			<xmax>237</xmax>
			<ymax>459</ymax>
		</bndbox>
	</object>
</annotation>
