<annotation>
	<folder>INSECT12C</folder>
	<filename>img432.jpg</filename>
	<path>C:\INSECT12C\img432.jpg</path>
	<source>
		<database>Unknown</database>
	</source>
	<size>
		<width>600</width>
		<height>800</height>
		<depth>3</depth>
	</size>
	<segmented>0</segmented>
	<object>
		<name>Euschistus_heros_adulto</name>
		<pose>Unspecified</pose>
		<truncated>1</truncated>
		<difficult>0</difficult>
		<bndbox>
			<xmin>38</xmin>
			<ymin>726</ymin>
			<xmax>117</xmax>
			<ymax>800</ymax>
		</bndbox>
	</object>
	<object>
		<name>Spodoptera_albula</name>
		<pose>Unspecified</pose>
		<truncated>0</truncated>
		<difficult>0</difficult>
		<bndbox>
			<xmin>250</xmin>
			<ymin>350</ymin>
			<xmax>309</xmax>
			<ymax>420</ymax>
		</bndbox>
	</object>
</annotation>
