<annotation>
	<folder>INSECT12C</folder>
	<filename>img429.jpg</filename>
	<path>C:\INSECT12C\img429.jpg</path>
	<source>
		<database>Unknown</database>
	</source>
	<size>
		<width>600</width>
		<height>800</height>
		<depth>3</depth>
	</size>
	<segmented>0</segmented>
	<object>
		<name>Spodoptera_albula</name>
		<pose>Unspecified</pose>
		<truncated>0</truncated>
		<difficult>0</difficult>
		<bndbox>
			<xmin>214</xmin>
			<ymin>365</ymin>
			<xmax>325</xmax>
			<ymax>455</ymax>
		</bndbox>
	</object>
</annotation>
