<annotation>
	<folder>INSECT12C</folder>
	<filename>img435.jpg</filename>
	<path>C:\INSECT12C\img435.jpg</path>
	<source>
		<database>Unknown</database>
	</source>
	<size>
		<width>800</width>
		<height>600</height>
		<depth>3</depth>
	</size>
	<segmented>0</segmented>
	<object>
		<name>Euschistus_heros_adulto</name>
		<pose>Unspecified</pose>
		<truncated>0</truncated>
		<difficult>0</difficult>
		<bndbox>
			<xmin>338</xmin>
			<ymin>244</ymin>
			<xmax>376</xmax>
			<ymax>279</ymax>
		</bndbox>
	</object>
	<object>
		<name>Euschistus_heros_adulto</name>
		<pose>Unspecified</pose>
		<truncated>0</truncated>
		<difficult>0</difficult>
		<bndbox>
			<xmin>370</xmin>
			<ymin>216</ymin>
			<xmax>404</xmax>
			<ymax>247</ymax>
		</bndbox>
	</object>
</annotation>
