<annotation>
	<folder>INSECT12C</folder>
	<filename>img388.jpg</filename>
	<path>C:\INSECT12C\img388.jpg</path>
	<source>
		<database>Unknown</database>
	</source>
	<size>
		<width>600</width>
		<height>800</height>
		<depth>3</depth>
	</size>
	<segmented>0</segmented>
	<object>
		<name>Euschistus_heros_adulto</name>
		<pose>Unspecified</pose>
		<truncated>0</truncated>
		<difficult>0</difficult>
		<bndbox>
			<xmin>89</xmin>
			<ymin>275</ymin>
			<xmax>162</xmax>
			<ymax>353</ymax>
		</bndbox>
	</object>
	<object>
		<name>Euschistus_heros_ninfa</name>
		<pose>Unspecified</pose>
		<truncated>0</truncated>
		<difficult>0</difficult>
		<bndbox>
			<xmin>264</xmin>
			<ymin>425</ymin>
			<xmax>339</xmax>
			<ymax>506</ymax>
		</bndbox>
	</object>
</annotation>
