<annotation>
	<folder>INSECT12C</folder>
	<filename>img351.jpg</filename>
	<path>C:\INSECT12C\img351.jpg</path>
	<source>
		<database>Unknown</database>
	</source>
	<size>
		<width>600</width>
		<height>800</height>
		<depth>3</depth>
	</size>
	<segmented>0</segmented>
	<object>
		<name>Euschistus_heros_ninfa</name>
		<pose>Unspecified</pose>
		<truncated>0</truncated>
		<difficult>0</difficult>
		<bndbox>
			<xmin>290</xmin>
			<ymin>344</ymin>
			<xmax>347</xmax>
			<ymax>392</ymax>
		</bndbox>
	</object>
	<object>
		<name>Euschistus_heros_adulto</name>
		<pose>Unspecified</pose>
		<truncated>0</truncated>
		<difficult>0</difficult>
		<bndbox>
			<xmin>473</xmin>
			<ymin>259</ymin>
			<xmax>513</xmax>
			<ymax>296</ymax>
		</bndbox>
	</object>
</annotation>
