<annotation>
	<folder>INSECT12C</folder>
	<filename>img320.jpg</filename>
	<path>C:\INSECT12C\img320.jpg</path>
	<source>
		<database>Unknown</database>
	</source>
	<size>
		<width>800</width>
		<height>600</height>
		<depth>3</depth>
	</size>
	<segmented>0</segmented>
	<object>
		<name>Spodoptera_albula</name>
		<pose>Unspecified</pose>
		<truncated>0</truncated>
		<difficult>0</difficult>
		<bndbox>
			<xmin>176</xmin>
			<ymin>181</ymin>
			<xmax>223</xmax>
			<ymax>247</ymax>
		</bndbox>
	</object>
</annotation>
