<annotation>
	<folder>INSECT12C</folder>
	<filename>img333.jpg</filename>
	<path>C:\INSECT12C\img333.jpg</path>
	<source>
		<database>Unknown</database>
	</source>
	<size>
		<width>600</width>
		<height>800</height>
		<depth>3</depth>
	</size>
	<segmented>0</segmented>
	<object>
		<name>Euschistus_heros_adulto</name>
		<pose>Unspecified</pose>
		<truncated>0</truncated>
		<difficult>0</difficult>
		<bndbox>
			<xmin>284</xmin>
			<ymin>251</ymin>
			<xmax>358</xmax>
			<ymax>315</ymax>
		</bndbox>
	</object>
	<object>
		<name>Euschistus_heros_ninfa</name>
		<pose>Unspecified</pose>
		<truncated>0</truncated>
		<difficult>0</difficult>
		<bndbox>
			<xmin>311</xmin>
			<ymin>486</ymin>
			<xmax>360</xmax>
			<ymax>531</ymax>
		</bndbox>
	</object>
</annotation>
