<annotation>
	<folder>INSECT12C</folder>
	<filename>img332.jpg</filename>
	<path>C:\INSECT12C\img332.jpg</path>
	<source>
		<database>Unknown</database>
	</source>
	<size>
		<width>600</width>
		<height>800</height>
		<depth>3</depth>
	</size>
	<segmented>0</segmented>
	<object>
		<name>Spodoptera_albula</name>
		<pose>Unspecified</pose>
		<truncated>0</truncated>
		<difficult>0</difficult>
		<bndbox>
			<xmin>214</xmin>
			<ymin>464</ymin>
			<xmax>278</xmax>
			<ymax>504</ymax>
		</bndbox>
	</object>
	<object>
		<name>Euschistus_heros_adulto</name>
		<pose>Unspecified</pose>
		<truncated>0</truncated>
		<difficult>0</difficult>
		<bndbox>
			<xmin>230</xmin>
			<ymin>240</ymin>
			<xmax>287</xmax>
			<ymax>291</ymax>
		</bndbox>
	</object>
</annotation>
