<annotation>
	<folder>INSECT12C</folder>
	<filename>img409.jpg</filename>
	<path>C:\INSECT12C\img409.jpg</path>
	<source>
		<database>Unknown</database>
	</source>
	<size>
		<width>600</width>
		<height>800</height>
		<depth>3</depth>
	</size>
	<segmented>0</segmented>
	<object>
		<name>Euschistus_heros_ninfa</name>
		<pose>Unspecified</pose>
		<truncated>0</truncated>
		<difficult>0</difficult>
		<bndbox>
			<xmin>185</xmin>
			<ymin>434</ymin>
			<xmax>235</xmax>
			<ymax>477</ymax>
		</bndbox>
	</object>
	<object>
		<name>Euschistus_heros_ninfa</name>
		<pose>Unspecified</pose>
		<truncated>0</truncated>
		<difficult>0</difficult>
		<bndbox>
			<xmin>235</xmin>
			<ymin>589</ymin>
			<xmax>282</xmax>
			<ymax>633</ymax>
		</bndbox>
	</object>
</annotation>
