<annotation>
	<folder>INSECT12C</folder>
	<filename>img403.jpg</filename>
	<path>C:\INSECT12C\img403.jpg</path>
	<source>
		<database>Unknown</database>
	</source>
	<size>
		<width>600</width>
		<height>800</height>
		<depth>3</depth>
	</size>
	<segmented>0</segmented>
	<object>
		<name>Euschistus_heros_ninfa</name>
		<pose>Unspecified</pose>
		<truncated>0</truncated>
		<difficult>0</difficult>
		<bndbox>
			<xmin>74</xmin>
			<ymin>433</ymin>
			<xmax>213</xmax>
			<ymax>562</ymax>
		</bndbox>
	</object>
	<object>
		<name>Spodoptera_albula</name>
		<pose>Unspecified</pose>
		<truncated>0</truncated>
		<difficult>0</difficult>
		<bndbox>
			<xmin>267</xmin>
			<ymin>290</ymin>
			<xmax>472</xmax>
			<ymax>511</ymax>
		</bndbox>
	</object>
</annotation>
