<annotation>
	<folder>INSECT12C</folder>
	<filename>img436.jpg</filename>
	<path>C:\INSECT12C\img436.jpg</path>
	<source>
		<database>Unknown</database>
	</source>
	<size>
		<width>600</width>
		<height>800</height>
		<depth>3</depth>
	</size>
	<segmented>0</segmented>
	<object>
		<name>Euschistus_heros_ninfa</name>
		<pose>Unspecified</pose>
		<truncated>0</truncated>
		<difficult>0</difficult>
		<bndbox>
			<xmin>364</xmin>
			<ymin>299</ymin>
			<xmax>401</xmax>
			<ymax>340</ymax>
		</bndbox>
	</object>
	<object>
		<name>Spodoptera_albula</name>
		<pose>Unspecified</pose>
		<truncated>0</truncated>
		<difficult>0</difficult>
		<bndbox>
			<xmin>303</xmin>
			<ymin>278</ymin>
			<xmax>360</xmax>
			<ymax>385</ymax>
		</bndbox>
	</object>
</annotation>
