<annotation>
	<folder>INSECT12C</folder>
	<filename>img401.jpg</filename>
	<path>C:\INSECT12C\img401.jpg</path>
	<source>
		<database>Unknown</database>
	</source>
	<size>
		<width>600</width>
		<height>800</height>
		<depth>3</depth>
	</size>
	<segmented>0</segmented>
	<object>
		<name>Gastropoda</name>
		<pose>Unspecified</pose>
		<truncated>0</truncated>
		<difficult>0</difficult>
		<bndbox>
			<xmin>319</xmin>
			<ymin>376</ymin>
			<xmax>397</xmax>
			<ymax>468</ymax>
		</bndbox>
	</object>
	<object>
		<name>Euschistus_heros_adulto</name>
		<pose>Unspecified</pose>
		<truncated>0</truncated>
		<difficult>0</difficult>
		<bndbox>
			<xmin>73</xmin>
			<ymin>307</ymin>
			<xmax>121</xmax>
			<ymax>374</ymax>
		</bndbox>
	</object>
</annotation>
