<annotation>
	<folder>INSECT12C</folder>
	<filename>img418.jpg</filename>
	<path>C:\INSECT12C\img418.jpg</path>
	<source>
		<database>Unknown</database>
	</source>
	<size>
		<width>600</width>
		<height>800</height>
		<depth>3</depth>
	</size>
	<segmented>0</segmented>
	<object>
		<name>Edessa_meditabunda</name>
		<pose>Unspecified</pose>
		<truncated>0</truncated>
		<difficult>0</difficult>
		<bndbox>
			<xmin>253</xmin>
			<ymin>414</ymin>
			<xmax>316</xmax>
			<ymax>466</ymax>
		</bndbox>
	</object>
	<object>
		<name>Euschistus_heros_adulto</name>
		<pose>Unspecified</pose>
		<truncated>0</truncated>
		<difficult>0</difficult>
		<bndbox>
			<xmin>169</xmin>
			<ymin>508</ymin>
			<xmax>213</xmax>
			<ymax>558</ymax>
		</bndbox>
	</object>
</annotation>
