<annotation>
	<folder>INSECT12C</folder>
	<filename>img445.jpg</filename>
	<path>C:\INSECT12C\img445.jpg</path>
	<source>
		<database>Unknown</database>
	</source>
	<size>
		<width>600</width>
		<height>800</height>
		<depth>3</depth>
	</size>
	<segmented>0</segmented>
	<object>
		<name>Spodoptera_albula</name>
		<pose>Unspecified</pose>
		<truncated>0</truncated>
		<difficult>0</difficult>
		<bndbox>
			<xmin>350</xmin>
			<ymin>413</ymin>
			<xmax>473</xmax>
			<ymax>559</ymax>
		</bndbox>
	</object>
	<object>
		<name>Euschistus_heros_adulto</name>
		<pose>Unspecified</pose>
		<truncated>0</truncated>
		<difficult>0</difficult>
		<bndbox>
			<xmin>270</xmin>
			<ymin>530</ymin>
			<xmax>314</xmax>
			<ymax>569</ymax>
		</bndbox>
	</object>
</annotation>
