<annotation>
	<folder>INSECT12C</folder>
	<filename>img443.jpg</filename>
	<path>C:\INSECT12C\img443.jpg</path>
	<source>
		<database>Unknown</database>
	</source>
	<size>
		<width>600</width>
		<height>800</height>
		<depth>3</depth>
	</size>
	<segmented>0</segmented>
	<object>
		<name>Euschistus_heros_adulto</name>
		<pose>Unspecified</pose>
		<truncated>0</truncated>
		<difficult>0</difficult>
		<bndbox>
			<xmin>300</xmin>
			<ymin>387</ymin>
			<xmax>343</xmax>
			<ymax>426</ymax>
		</bndbox>
	</object>
	<object>
		<name>Spodoptera_albula</name>
		<pose>Unspecified</pose>
		<truncated>0</truncated>
		<difficult>0</difficult>
		<bndbox>
			<xmin>395</xmin>
			<ymin>424</ymin>
			<xmax>463</xmax>
			<ymax>563</ymax>
		</bndbox>
	</object>
</annotation>
