<annotation>
	<folder>INSECT12C</folder>
	<filename>img189.jpg</filename>
	<path>C:\INSECT12C\img189.jpg</path>
	<source>
		<database>Unknown</database>
	</source>
	<size>
		<width>800</width>
		<height>600</height>
		<depth>3</depth>
	</size>
	<segmented>0</segmented>
	<object>
		<name>Euschistus_heros_adulto</name>
		<pose>Unspecified</pose>
		<truncated>0</truncated>
		<difficult>0</difficult>
		<bndbox>
			<xmin>706</xmin>
			<ymin>44</ymin>
			<xmax>741</xmax>
			<ymax>75</ymax>
		</bndbox>
	</object>
	<object>
		<name>Nezara_viridula_adulto</name>
		<pose>Unspecified</pose>
		<truncated>0</truncated>
		<difficult>0</difficult>
		<bndbox>
			<xmin>398</xmin>
			<ymin>297</ymin>
			<xmax>463</xmax>
			<ymax>373</ymax>
		</bndbox>
	</object>
</annotation>
