<annotation>
	<folder>INSECT12C</folder>
	<filename>img166.jpg</filename>
	<path>C:\INSECT12C\img166.jpg</path>
	<source>
		<database>Unknown</database>
	</source>
	<size>
		<width>600</width>
		<height>800</height>
		<depth>3</depth>
	</size>
	<segmented>0</segmented>
	<object>
		<name>Nezara_viridula_adulto</name>
		<pose>Unspecified</pose>
		<truncated>0</truncated>
		<difficult>0</difficult>
		<bndbox>
			<xmin>334</xmin>
			<ymin>345</ymin>
			<xmax>395</xmax>
			<ymax>392</ymax>
		</bndbox>
	</object>
	<object>
		<name>Euschistus_heros_ninfa</name>
		<pose>Unspecified</pose>
		<truncated>0</truncated>
		<difficult>0</difficult>
		<bndbox>
			<xmin>57</xmin>
			<ymin>378</ymin>
			<xmax>82</xmax>
			<ymax>404</ymax>
		</bndbox>
	</object>
</annotation>
