<annotation>
	<folder>INSECT12C</folder>
	<filename>img167.jpg</filename>
	<path>C:\INSECT12C\img167.jpg</path>
	<source>
		<database>Unknown</database>
	</source>
	<size>
		<width>600</width>
		<height>800</height>
		<depth>3</depth>
	</size>
	<segmented>0</segmented>
	<object>
		<name>Nezara_viridula_adulto</name>
		<pose>Unspecified</pose>
		<truncated>0</truncated>
		<difficult>0</difficult>
		<bndbox>
			<xmin>305</xmin>
			<ymin>358</ymin>
			<xmax>427</xmax>
			<ymax>417</ymax>
		</bndbox>
	</object>
	<object>
		<name>Euschistus_heros_adulto</name>
		<pose>Unspecified</pose>
		<truncated>0</truncated>
		<difficult>0</difficult>
		<bndbox>
			<xmin>348</xmin>
			<ymin>417</ymin>
			<xmax>386</xmax>
			<ymax>448</ymax>
		</bndbox>
	</object>
</annotation>
