<annotation>
	<folder>INSECT12C</folder>
	<filename>img184.jpg</filename>
	<path>C:\INSECT12C\img184.jpg</path>
	<source>
		<database>Unknown</database>
	</source>
	<size>
		<width>800</width>
		<height>600</height>
		<depth>3</depth>
	</size>
	<segmented>0</segmented>
	<object>
		<name>Nezara_viridula_adulto</name>
		<pose>Unspecified</pose>
		<truncated>0</truncated>
		<difficult>0</difficult>
		<bndbox>
			<xmin>297</xmin>
			<ymin>275</ymin>
			<xmax>340</xmax>
			<ymax>310</ymax>
		</bndbox>
	</object>
</annotation>
