<annotation>
	<folder>INSECT12C</folder>
	<filename>img155.JPG</filename>
	<path>C:\INSECT12C\img155.JPG</path>
	<source>
		<database>Unknown</database>
	</source>
	<size>
		<width>800</width>
		<height>600</height>
		<depth>3</depth>
	</size>
	<segmented>0</segmented>
	<object>
		<name>Euschistus_heros_adulto</name>
		<pose>Unspecified</pose>
		<truncated>0</truncated>
		<difficult>0</difficult>
		<bndbox>
			<xmin>388</xmin>
			<ymin>309</ymin>
			<xmax>435</xmax>
			<ymax>363</ymax>
		</bndbox>
	</object>
	<object>
		<name>Euschistus_heros_adulto</name>
		<pose>Unspecified</pose>
		<truncated>0</truncated>
		<difficult>0</difficult>
		<bndbox>
			<xmin>592</xmin>
			<ymin>477</ymin>
			<xmax>615</xmax>
			<ymax>501</ymax>
		</bndbox>
	</object>
</annotation>
