<annotation>
	<folder>INSECT12C</folder>
	<filename>img170.jpg</filename>
	<path>C:\INSECT12C\img170.jpg</path>
	<source>
		<database>Unknown</database>
	</source>
	<size>
		<width>600</width>
		<height>800</height>
		<depth>3</depth>
	</size>
	<segmented>0</segmented>
	<object>
		<name>Nezara_viridula_adulto</name>
		<pose>Unspecified</pose>
		<truncated>0</truncated>
		<difficult>0</difficult>
		<bndbox>
			<xmin>200</xmin>
			<ymin>255</ymin>
			<xmax>311</xmax>
			<ymax>358</ymax>
		</bndbox>
	</object>
	<object>
		<name>Euschistus_heros_ninfa</name>
		<pose>Unspecified</pose>
		<truncated>0</truncated>
		<difficult>0</difficult>
		<bndbox>
			<xmin>551</xmin>
			<ymin>642</ymin>
			<xmax>594</xmax>
			<ymax>680</ymax>
		</bndbox>
	</object>
</annotation>
