<annotation>
	<folder>INSECT12C</folder>
	<filename>img186.jpg</filename>
	<path>C:\INSECT12C\img186.jpg</path>
	<source>
		<database>Unknown</database>
	</source>
	<size>
		<width>800</width>
		<height>600</height>
		<depth>3</depth>
	</size>
	<segmented>0</segmented>
	<object>
		<name>Nezara_viridula_adulto</name>
		<pose>Unspecified</pose>
		<truncated>0</truncated>
		<difficult>0</difficult>
		<bndbox>
			<xmin>282</xmin>
			<ymin>285</ymin>
			<xmax>345</xmax>
			<ymax>345</ymax>
		</bndbox>
	</object>
	<object>
		<name>Euschistus_heros_adulto</name>
		<pose>Unspecified</pose>
		<truncated>0</truncated>
		<difficult>0</difficult>
		<bndbox>
			<xmin>588</xmin>
			<ymin>255</ymin>
			<xmax>621</xmax>
			<ymax>288</ymax>
		</bndbox>
	</object>
</annotation>
