<annotation>
	<folder>INSECT12C</folder>
	<filename>img190.jpg</filename>
	<path>C:\INSECT12C\img190.jpg</path>
	<source>
		<database>Unknown</database>
	</source>
	<size>
		<width>800</width>
		<height>600</height>
		<depth>3</depth>
	</size>
	<segmented>0</segmented>
	<object>
		<name>Nezara_viridula_adulto</name>
		<pose>Unspecified</pose>
		<truncated>0</truncated>
		<difficult>0</difficult>
		<bndbox>
			<xmin>321</xmin>
			<ymin>305</ymin>
			<xmax>387</xmax>
			<ymax>374</ymax>
		</bndbox>
	</object>
</annotation>
