<annotation>
	<folder>INSECT12C</folder>
	<filename>img175.jpg</filename>
	<path>C:\INSECT12C\img175.jpg</path>
	<source>
		<database>Unknown</database>
	</source>
	<size>
		<width>600</width>
		<height>800</height>
		<depth>3</depth>
	</size>
	<segmented>0</segmented>
	<object>
		<name>Nezara_viridula_adulto</name>
		<pose>Unspecified</pose>
		<truncated>0</truncated>
		<difficult>0</difficult>
		<bndbox>
			<xmin>300</xmin>
			<ymin>314</ymin>
			<xmax>379</xmax>
			<ymax>380</ymax>
		</bndbox>
	</object>
	<object>
		<name>Euschistus_heros_ninfa</name>
		<pose>Unspecified</pose>
		<truncated>0</truncated>
		<difficult>0</difficult>
		<bndbox>
			<xmin>489</xmin>
			<ymin>104</ymin>
			<xmax>524</xmax>
			<ymax>135</ymax>
		</bndbox>
	</object>
</annotation>
