<annotation>
	<folder>INSECT12C</folder>
	<filename>img169.JPG</filename>
	<path>C:\INSECT12C\img169.JPG</path>
	<source>
		<database>Unknown</database>
	</source>
	<size>
		<width>800</width>
		<height>600</height>
		<depth>3</depth>
	</size>
	<segmented>0</segmented>
	<object>
		<name>Euschistus_heros_ninfa</name>
		<pose>Unspecified</pose>
		<truncated>0</truncated>
		<difficult>0</difficult>
		<bndbox>
			<xmin>384</xmin>
			<ymin>298</ymin>
			<xmax>432</xmax>
			<ymax>344</ymax>
		</bndbox>
	</object>
</annotation>
