<annotation>
	<folder>INSECT12C</folder>
	<filename>img164.jpg</filename>
	<path>C:\INSECT12C\img164.jpg</path>
	<source>
		<database>Unknown</database>
	</source>
	<size>
		<width>600</width>
		<height>800</height>
		<depth>3</depth>
	</size>
	<segmented>0</segmented>
	<object>
		<name>Euschistus_heros_adulto</name>
		<pose>Unspecified</pose>
		<truncated>0</truncated>
		<difficult>0</difficult>
		<bndbox>
			<xmin>509</xmin>
			<ymin>75</ymin>
			<xmax>545</xmax>
			<ymax>116</ymax>
		</bndbox>
	</object>
	<object>
		<name>Nezara_viridula_adulto</name>
		<pose>Unspecified</pose>
		<truncated>0</truncated>
		<difficult>0</difficult>
		<bndbox>
			<xmin>283</xmin>
			<ymin>379</ymin>
			<xmax>340</xmax>
			<ymax>447</ymax>
		</bndbox>
	</object>
</annotation>
