<annotation>
	<folder>INSECT12C</folder>
	<filename>img168.jpg</filename>
	<path>C:\INSECT12C\img168.jpg</path>
	<source>
		<database>Unknown</database>
	</source>
	<size>
		<width>600</width>
		<height>800</height>
		<depth>3</depth>
	</size>
	<segmented>0</segmented>
	<object>
		<name>Euschistus_heros_adulto</name>
		<pose>Unspecified</pose>
		<truncated>0</truncated>
		<difficult>0</difficult>
		<bndbox>
			<xmin>186</xmin>
			<ymin>294</ymin>
			<xmax>324</xmax>
			<ymax>407</ymax>
		</bndbox>
	</object>
</annotation>
