<annotation>
	<folder>INSECT12C</folder>
	<filename>img262.jpg</filename>
	<path>C:\INSECT12C\img262.jpg</path>
	<source>
		<database>Unknown</database>
	</source>
	<size>
		<width>800</width>
		<height>600</height>
		<depth>3</depth>
	</size>
	<segmented>0</segmented>
	<object>
		<name>Spodoptera_albula</name>
		<pose>Unspecified</pose>
		<truncated>0</truncated>
		<difficult>0</difficult>
		<bndbox>
			<xmin>267</xmin>
			<ymin>342</ymin>
			<xmax>349</xmax>
			<ymax>384</ymax>
		</bndbox>
	</object>
</annotation>
