<annotation>
	<folder>INSECT12C</folder>
	<filename>img267.jpg</filename>
	<path>C:\INSECT12C\img267.jpg</path>
	<source>
		<database>Unknown</database>
	</source>
	<size>
		<width>600</width>
		<height>800</height>
		<depth>3</depth>
	</size>
	<segmented>0</segmented>
	<object>
		<name>Edessa_meditabunda</name>
		<pose>Unspecified</pose>
		<truncated>0</truncated>
		<difficult>0</difficult>
		<bndbox>
			<xmin>213</xmin>
			<ymin>387</ymin>
			<xmax>287</xmax>
			<ymax>479</ymax>
		</bndbox>
	</object>
	<object>
		<name>Euschistus_heros_adulto</name>
		<pose>Unspecified</pose>
		<truncated>0</truncated>
		<difficult>0</difficult>
		<bndbox>
			<xmin>417</xmin>
			<ymin>590</ymin>
			<xmax>466</xmax>
			<ymax>634</ymax>
		</bndbox>
	</object>
</annotation>
