<annotation>
	<folder>INSECT12C</folder>
	<filename>img200.jpg</filename>
	<path>C:\INSECT12C\img200.jpg</path>
	<source>
		<database>Unknown</database>
	</source>
	<size>
		<width>600</width>
		<height>800</height>
		<depth>3</depth>
	</size>
	<segmented>0</segmented>
	<object>
		<name>Nezara_viridula_adulto</name>
		<pose>Unspecified</pose>
		<truncated>0</truncated>
		<difficult>0</difficult>
		<bndbox>
			<xmin>246</xmin>
			<ymin>296</ymin>
			<xmax>318</xmax>
			<ymax>395</ymax>
		</bndbox>
	</object>
	<object>
		<name>Euschistus_heros_adulto</name>
		<pose>Unspecified</pose>
		<truncated>0</truncated>
		<difficult>0</difficult>
		<bndbox>
			<xmin>61</xmin>
			<ymin>368</ymin>
			<xmax>105</xmax>
			<ymax>406</ymax>
		</bndbox>
	</object>
</annotation>
