<annotation>
	<folder>INSECT12C</folder>
	<filename>img250.jpg</filename>
	<path>C:\INSECT12C\img250.jpg</path>
	<source>
		<database>Unknown</database>
	</source>
	<size>
		<width>600</width>
		<height>800</height>
		<depth>3</depth>
	</size>
	<segmented>0</segmented>
	<object>
		<name>Spodoptera_albula</name>
		<pose>Unspecified</pose>
		<truncated>0</truncated>
		<difficult>0</difficult>
		<bndbox>
			<xmin>260</xmin>
			<ymin>430</ymin>
			<xmax>315</xmax>
			<ymax>488</ymax>
		</bndbox>
	</object>
</annotation>
