<annotation>
	<folder>INSECT12C</folder>
	<filename>img271.jpg</filename>
	<path>C:\INSECT12C\img271.jpg</path>
	<source>
		<database>Unknown</database>
	</source>
	<size>
		<width>600</width>
		<height>800</height>
		<depth>3</depth>
	</size>
	<segmented>0</segmented>
	<object>
		<name>Anticarsia_gemmatalis</name>
		<pose>Unspecified</pose>
		<truncated>0</truncated>
		<difficult>0</difficult>
		<bndbox>
			<xmin>221</xmin>
			<ymin>328</ymin>
			<xmax>290</xmax>
			<ymax>382</ymax>
		</bndbox>
	</object>
	<object>
		<name>Euschistus_heros_ninfa</name>
		<pose>Unspecified</pose>
		<truncated>0</truncated>
		<difficult>0</difficult>
		<bndbox>
			<xmin>444</xmin>
			<ymin>764</ymin>
			<xmax>476</xmax>
			<ymax>793</ymax>
		</bndbox>
	</object>
</annotation>
