<annotation>
	<folder>INSECT12C</folder>
	<filename>img230.jpg</filename>
	<path>C:\INSECT12C\img230.jpg</path>
	<source>
		<database>Unknown</database>
	</source>
	<size>
		<width>600</width>
		<height>800</height>
		<depth>3</depth>
	</size>
	<segmented>0</segmented>
	<object>
		<name>Euschistus_heros_ninfa</name>
		<pose>Unspecified</pose>
		<truncated>0</truncated>
		<difficult>0</difficult>
		<bndbox>
			<xmin>296</xmin>
			<ymin>367</ymin>
			<xmax>352</xmax>
			<ymax>416</ymax>
		</bndbox>
	</object>
	<object>
		<name>Euschistus_heros_adulto</name>
		<pose>Unspecified</pose>
		<truncated>0</truncated>
		<difficult>0</difficult>
		<bndbox>
			<xmin>496</xmin>
			<ymin>5</ymin>
			<xmax>556</xmax>
			<ymax>83</ymax>
		</bndbox>
	</object>
</annotation>
