<annotation>
	<folder>INSECT12C</folder>
	<filename>img210.jpg</filename>
	<path>C:\INSECT12C\img210.jpg</path>
	<source>
		<database>Unknown</database>
	</source>
	<size>
		<width>800</width>
		<height>600</height>
		<depth>3</depth>
	</size>
	<segmented>0</segmented>
	<object>
		<name>Nezara_viridula_adulto</name>
		<pose>Unspecified</pose>
		<truncated>0</truncated>
		<difficult>0</difficult>
		<bndbox>
			<xmin>346</xmin>
			<ymin>334</ymin>
			<xmax>406</xmax>
			<ymax>394</ymax>
		</bndbox>
	</object>
</annotation>
