<annotation>
	<folder>INSECT12C</folder>
	<filename>img240.jpg</filename>
	<path>C:\INSECT12C\img240.jpg</path>
	<source>
		<database>Unknown</database>
	</source>
	<size>
		<width>600</width>
		<height>800</height>
		<depth>3</depth>
	</size>
	<segmented>0</segmented>
	<object>
		<name>Edessa_meditabunda</name>
		<pose>Unspecified</pose>
		<truncated>0</truncated>
		<difficult>0</difficult>
		<bndbox>
			<xmin>269</xmin>
			<ymin>317</ymin>
			<xmax>390</xmax>
			<ymax>414</ymax>
		</bndbox>
	</object>
</annotation>
