<annotation>
	<folder>INSECT12C</folder>
	<filename>img266.jpg</filename>
	<path>C:\INSECT12C\img266.jpg</path>
	<source>
		<database>Unknown</database>
	</source>
	<size>
		<width>800</width>
		<height>600</height>
		<depth>3</depth>
	</size>
	<segmented>0</segmented>
	<object>
		<name>Spodoptera_albula</name>
		<pose>Unspecified</pose>
		<truncated>0</truncated>
		<difficult>0</difficult>
		<bndbox>
			<xmin>361</xmin>
			<ymin>268</ymin>
			<xmax>425</xmax>
			<ymax>344</ymax>
		</bndbox>
	</object>
</annotation>
