<annotation>
	<folder>INSECT12C</folder>
	<filename>img246.jpg</filename>
	<path>C:\INSECT12C\img246.jpg</path>
	<source>
		<database>Unknown</database>
	</source>
	<size>
		<width>600</width>
		<height>800</height>
		<depth>3</depth>
	</size>
	<segmented>0</segmented>
	<object>
		<name>Spodoptera_albula</name>
		<pose>Unspecified</pose>
		<truncated>0</truncated>
		<difficult>0</difficult>
		<bndbox>
			<xmin>277</xmin>
			<ymin>426</ymin>
			<xmax>339</xmax>
			<ymax>491</ymax>
		</bndbox>
	</object>
	<object>
		<name>Euschistus_heros_adulto</name>
		<pose>Unspecified</pose>
		<truncated>0</truncated>
		<difficult>0</difficult>
		<bndbox>
			<xmin>384</xmin>
			<ymin>657</ymin>
			<xmax>436</xmax>
			<ymax>712</ymax>
		</bndbox>
	</object>
</annotation>
