<annotation>
	<folder>INSECT12C</folder>
	<filename>img1415.jpg</filename>
	<path>C:\INSECT12C\img1415.jpg</path>
	<source>
		<database>Unknown</database>
	</source>
	<size>
		<width>600</width>
		<height>800</height>
		<depth>3</depth>
	</size>
	<segmented>0</segmented>
	<object>
		<name>Euschistus_heros_ninfa</name>
		<pose>Unspecified</pose>
		<truncated>0</truncated>
		<difficult>0</difficult>
		<bndbox>
			<xmin>29</xmin>
			<ymin>477</ymin>
			<xmax>127</xmax>
			<ymax>547</ymax>
		</bndbox>
	</object>
	<object>
		<name>Euschistus_heros_ninfa</name>
		<pose>Unspecified</pose>
		<truncated>0</truncated>
		<difficult>0</difficult>
		<bndbox>
			<xmin>317</xmin>
			<ymin>288</ymin>
			<xmax>390</xmax>
			<ymax>381</ymax>
		</bndbox>
	</object>
</annotation>
