<annotation>
	<folder>INSECT12C</folder>
	<filename>img1402.jpg</filename>
	<path>C:\INSECT12C\img1402.jpg</path>
	<source>
		<database>Unknown</database>
	</source>
	<size>
		<width>800</width>
		<height>600</height>
		<depth>3</depth>
	</size>
	<segmented>0</segmented>
	<object>
		<name>Anticarsia_gemmatalis</name>
		<pose>Unspecified</pose>
		<truncated>0</truncated>
		<difficult>0</difficult>
		<bndbox>
			<xmin>357</xmin>
			<ymin>317</ymin>
			<xmax>423</xmax>
			<ymax>378</ymax>
		</bndbox>
	</object>
</annotation>
