<annotation>
	<folder>INSECT12C</folder>
	<filename>img1359.jpg</filename>
	<path>C:\INSECT12C\img1359.jpg</path>
	<source>
		<database>Unknown</database>
	</source>
	<size>
		<width>600</width>
		<height>800</height>
		<depth>3</depth>
	</size>
	<segmented>0</segmented>
	<object>
		<name>Euschistus_heros_ninfa</name>
		<pose>Unspecified</pose>
		<truncated>0</truncated>
		<difficult>0</difficult>
		<bndbox>
			<xmin>206</xmin>
			<ymin>428</ymin>
			<xmax>239</xmax>
			<ymax>463</ymax>
		</bndbox>
	</object>
	<object>
		<name>Euschistus_heros_ninfa</name>
		<pose>Unspecified</pose>
		<truncated>0</truncated>
		<difficult>0</difficult>
		<bndbox>
			<xmin>244</xmin>
			<ymin>328</ymin>
			<xmax>280</xmax>
			<ymax>365</ymax>
		</bndbox>
	</object>
</annotation>
