<annotation>
	<folder>INSECT12C</folder>
	<filename>img1467.jpg</filename>
	<path>C:\INSECT12C\img1467.jpg</path>
	<source>
		<database>Unknown</database>
	</source>
	<size>
		<width>800</width>
		<height>600</height>
		<depth>3</depth>
	</size>
	<segmented>0</segmented>
	<object>
		<name>Euschistus_heros_adulto</name>
		<pose>Unspecified</pose>
		<truncated>0</truncated>
		<difficult>0</difficult>
		<bndbox>
			<xmin>356</xmin>
			<ymin>295</ymin>
			<xmax>467</xmax>
			<ymax>380</ymax>
		</bndbox>
	</object>
	<object>
		<name>Euschistus_heros_ninfa</name>
		<pose>Unspecified</pose>
		<truncated>1</truncated>
		<difficult>0</difficult>
		<bndbox>
			<xmin>458</xmin>
			<ymin>565</ymin>
			<xmax>504</xmax>
			<ymax>600</ymax>
		</bndbox>
	</object>
</annotation>
