<annotation>
	<folder>INSECT12C</folder>
	<filename>img1444.jpg</filename>
	<path>C:\INSECT12C\img1444.jpg</path>
	<source>
		<database>Unknown</database>
	</source>
	<size>
		<width>800</width>
		<height>600</height>
		<depth>3</depth>
	</size>
	<segmented>0</segmented>
	<object>
		<name>Euschistus_heros_ninfa</name>
		<pose>Unspecified</pose>
		<truncated>0</truncated>
		<difficult>0</difficult>
		<bndbox>
			<xmin>374</xmin>
			<ymin>310</ymin>
			<xmax>422</xmax>
			<ymax>360</ymax>
		</bndbox>
	</object>
	<object>
		<name>Euschistus_heros_adulto</name>
		<pose>Unspecified</pose>
		<truncated>0</truncated>
		<difficult>0</difficult>
		<bndbox>
			<xmin>31</xmin>
			<ymin>398</ymin>
			<xmax>75</xmax>
			<ymax>443</ymax>
		</bndbox>
	</object>
</annotation>
