<annotation>
	<folder>INSECT12C</folder>
	<filename>img1479.jpg</filename>
	<path>C:\INSECT12C\img1479.jpg</path>
	<source>
		<database>Unknown</database>
	</source>
	<size>
		<width>800</width>
		<height>600</height>
		<depth>3</depth>
	</size>
	<segmented>0</segmented>
	<object>
		<name>Gastropoda</name>
		<pose>Unspecified</pose>
		<truncated>0</truncated>
		<difficult>0</difficult>
		<bndbox>
			<xmin>196</xmin>
			<ymin>236</ymin>
			<xmax>304</xmax>
			<ymax>350</ymax>
		</bndbox>
	</object>
	<object>
		<name>Euschistus_heros_ninfa</name>
		<pose>Unspecified</pose>
		<truncated>0</truncated>
		<difficult>0</difficult>
		<bndbox>
			<xmin>311</xmin>
			<ymin>362</ymin>
			<xmax>366</xmax>
			<ymax>414</ymax>
		</bndbox>
	</object>
</annotation>
