<annotation>
	<folder>INSECT12C</folder>
	<filename>img1452.jpg</filename>
	<path>C:\INSECT12C\img1452.jpg</path>
	<source>
		<database>Unknown</database>
	</source>
	<size>
		<width>800</width>
		<height>600</height>
		<depth>3</depth>
	</size>
	<segmented>0</segmented>
	<object>
		<name>Gastropoda</name>
		<pose>Unspecified</pose>
		<truncated>0</truncated>
		<difficult>0</difficult>
		<bndbox>
			<xmin>358</xmin>
			<ymin>293</ymin>
			<xmax>440</xmax>
			<ymax>391</ymax>
		</bndbox>
	</object>
</annotation>
