<annotation>
	<folder>INSECT12C</folder>
	<filename>img1492.jpg</filename>
	<path>C:\INSECT12C\img1492.jpg</path>
	<source>
		<database>Unknown</database>
	</source>
	<size>
		<width>600</width>
		<height>800</height>
		<depth>3</depth>
	</size>
	<segmented>0</segmented>
	<object>
		<name>Euschistus_heros_adulto</name>
		<pose>Unspecified</pose>
		<truncated>0</truncated>
		<difficult>0</difficult>
		<bndbox>
			<xmin>212</xmin>
			<ymin>363</ymin>
			<xmax>307</xmax>
			<ymax>470</ymax>
		</bndbox>
	</object>
	<object>
		<name>Euschistus_heros_adulto</name>
		<pose>Unspecified</pose>
		<truncated>0</truncated>
		<difficult>0</difficult>
		<bndbox>
			<xmin>307</xmin>
			<ymin>415</ymin>
			<xmax>396</xmax>
			<ymax>509</ymax>
		</bndbox>
	</object>
</annotation>
