<annotation>
	<folder>INSECT12C</folder>
	<filename>img1493.jpg</filename>
	<path>C:\INSECT12C\img1493.jpg</path>
	<source>
		<database>Unknown</database>
	</source>
	<size>
		<width>600</width>
		<height>800</height>
		<depth>3</depth>
	</size>
	<segmented>0</segmented>
	<object>
		<name>Euschistus_heros_adulto</name>
		<pose>Unspecified</pose>
		<truncated>0</truncated>
		<difficult>0</difficult>
		<bndbox>
			<xmin>96</xmin>
			<ymin>568</ymin>
			<xmax>182</xmax>
			<ymax>641</ymax>
		</bndbox>
	</object>
	<object>
		<name>Edessa_meditabunda</name>
		<pose>Unspecified</pose>
		<truncated>0</truncated>
		<difficult>0</difficult>
		<bndbox>
			<xmin>248</xmin>
			<ymin>186</ymin>
			<xmax>296</xmax>
			<ymax>240</ymax>
		</bndbox>
	</object>
</annotation>
