<annotation>
	<folder>INSECT12C</folder>
	<filename>img1382.jpg</filename>
	<path>C:\INSECT12C\img1382.jpg</path>
	<source>
		<database>Unknown</database>
	</source>
	<size>
		<width>600</width>
		<height>800</height>
		<depth>3</depth>
	</size>
	<segmented>0</segmented>
	<object>
		<name>Euschistus_heros_ninfa</name>
		<pose>Unspecified</pose>
		<truncated>0</truncated>
		<difficult>0</difficult>
		<bndbox>
			<xmin>241</xmin>
			<ymin>426</ymin>
			<xmax>269</xmax>
			<ymax>459</ymax>
		</bndbox>
	</object>
	<object>
		<name>Euschistus_heros_ninfa</name>
		<pose>Unspecified</pose>
		<truncated>0</truncated>
		<difficult>0</difficult>
		<bndbox>
			<xmin>196</xmin>
			<ymin>449</ymin>
			<xmax>227</xmax>
			<ymax>475</ymax>
		</bndbox>
	</object>
</annotation>
