<annotation>
	<folder>INSECT12C</folder>
	<filename>img1408.jpg</filename>
	<path>C:\INSECT12C\img1408.jpg</path>
	<source>
		<database>Unknown</database>
	</source>
	<size>
		<width>600</width>
		<height>800</height>
		<depth>3</depth>
	</size>
	<segmented>0</segmented>
	<object>
		<name>Euschistus_heros_adulto</name>
		<pose>Unspecified</pose>
		<truncated>0</truncated>
		<difficult>0</difficult>
		<bndbox>
			<xmin>232</xmin>
			<ymin>300</ymin>
			<xmax>301</xmax>
			<ymax>365</ymax>
		</bndbox>
	</object>
	<object>
		<name>Euschistus_heros_adulto</name>
		<pose>Unspecified</pose>
		<truncated>0</truncated>
		<difficult>0</difficult>
		<bndbox>
			<xmin>379</xmin>
			<ymin>412</ymin>
			<xmax>415</xmax>
			<ymax>452</ymax>
		</bndbox>
	</object>
</annotation>
