<annotation>
	<folder>INSECT12C</folder>
	<filename>img1431.jpg</filename>
	<path>C:\INSECT12C\img1431.jpg</path>
	<source>
		<database>Unknown</database>
	</source>
	<size>
		<width>800</width>
		<height>600</height>
		<depth>3</depth>
	</size>
	<segmented>0</segmented>
	<object>
		<name>Euschistus_heros_adulto</name>
		<pose>Unspecified</pose>
		<truncated>0</truncated>
		<difficult>0</difficult>
		<bndbox>
			<xmin>639</xmin>
			<ymin>482</ymin>
			<xmax>716</xmax>
			<ymax>562</ymax>
		</bndbox>
	</object>
	<object>
		<name>Gastropoda</name>
		<pose>Unspecified</pose>
		<truncated>0</truncated>
		<difficult>0</difficult>
		<bndbox>
			<xmin>382</xmin>
			<ymin>193</ymin>
			<xmax>483</xmax>
			<ymax>304</ymax>
		</bndbox>
	</object>
</annotation>
