<annotation>
	<folder>INSECT12C</folder>
	<filename>img1490.jpg</filename>
	<path>C:\INSECT12C\img1490.jpg</path>
	<source>
		<database>Unknown</database>
	</source>
	<size>
		<width>800</width>
		<height>600</height>
		<depth>3</depth>
	</size>
	<segmented>0</segmented>
	<object>
		<name>Anticarsia_gemmatalis</name>
		<pose>Unspecified</pose>
		<truncated>0</truncated>
		<difficult>0</difficult>
		<bndbox>
			<xmin>415</xmin>
			<ymin>324</ymin>
			<xmax>508</xmax>
			<ymax>387</ymax>
		</bndbox>
	</object>
	<object>
		<name>Euschistus_heros_adulto</name>
		<pose>Unspecified</pose>
		<truncated>0</truncated>
		<difficult>0</difficult>
		<bndbox>
			<xmin>58</xmin>
			<ymin>544</ymin>
			<xmax>101</xmax>
			<ymax>577</ymax>
		</bndbox>
	</object>
</annotation>
