<annotation>
	<folder>INSECT12C</folder>
	<filename>img1398.jpg</filename>
	<path>C:\INSECT12C\img1398.jpg</path>
	<source>
		<database>Unknown</database>
	</source>
	<size>
		<width>600</width>
		<height>800</height>
		<depth>3</depth>
	</size>
	<segmented>0</segmented>
	<object>
		<name>Euschistus_heros_ninfa</name>
		<pose>Unspecified</pose>
		<truncated>0</truncated>
		<difficult>0</difficult>
		<bndbox>
			<xmin>524</xmin>
			<ymin>374</ymin>
			<xmax>559</xmax>
			<ymax>412</ymax>
		</bndbox>
	</object>
	<object>
		<name>Euschistus_heros_adulto</name>
		<pose>Unspecified</pose>
		<truncated>0</truncated>
		<difficult>0</difficult>
		<bndbox>
			<xmin>136</xmin>
			<ymin>688</ymin>
			<xmax>159</xmax>
			<ymax>717</ymax>
		</bndbox>
	</object>
</annotation>
