<annotation>
	<folder>INSECT12C</folder>
	<filename>img1445.jpg</filename>
	<path>C:\INSECT12C\img1445.jpg</path>
	<source>
		<database>Unknown</database>
	</source>
	<size>
		<width>600</width>
		<height>800</height>
		<depth>3</depth>
	</size>
	<segmented>0</segmented>
	<object>
		<name>Euschistus_heros_adulto</name>
		<pose>Unspecified</pose>
		<truncated>0</truncated>
		<difficult>0</difficult>
		<bndbox>
			<xmin>475</xmin>
			<ymin>90</ymin>
			<xmax>574</xmax>
			<ymax>191</ymax>
		</bndbox>
	</object>
	<object>
		<name>Spodoptera_albula</name>
		<pose>Unspecified</pose>
		<truncated>0</truncated>
		<difficult>0</difficult>
		<bndbox>
			<xmin>252</xmin>
			<ymin>259</ymin>
			<xmax>355</xmax>
			<ymax>408</ymax>
		</bndbox>
	</object>
</annotation>
