<annotation>
	<folder>INSECT12C</folder>
	<filename>img1404.jpg</filename>
	<path>C:\INSECT12C\img1404.jpg</path>
	<source>
		<database>Unknown</database>
	</source>
	<size>
		<width>800</width>
		<height>600</height>
		<depth>3</depth>
	</size>
	<segmented>0</segmented>
	<object>
		<name>Anticarsia_gemmatalis</name>
		<pose>Unspecified</pose>
		<truncated>0</truncated>
		<difficult>0</difficult>
		<bndbox>
			<xmin>414</xmin>
			<ymin>266</ymin>
			<xmax>490</xmax>
			<ymax>339</ymax>
		</bndbox>
	</object>
</annotation>
