<annotation>
	<folder>INSECT12C</folder>
	<filename>img1456.jpg</filename>
	<path>C:\INSECT12C\img1456.jpg</path>
	<source>
		<database>Unknown</database>
	</source>
	<size>
		<width>800</width>
		<height>600</height>
		<depth>3</depth>
	</size>
	<segmented>0</segmented>
	<object>
		<name>Euschistus_heros_ninfa</name>
		<pose>Unspecified</pose>
		<truncated>0</truncated>
		<difficult>0</difficult>
		<bndbox>
			<xmin>448</xmin>
			<ymin>285</ymin>
			<xmax>488</xmax>
			<ymax>322</ymax>
		</bndbox>
	</object>
	<object>
		<name>Gastropoda</name>
		<pose>Unspecified</pose>
		<truncated>0</truncated>
		<difficult>0</difficult>
		<bndbox>
			<xmin>355</xmin>
			<ymin>284</ymin>
			<xmax>425</xmax>
			<ymax>334</ymax>
		</bndbox>
	</object>
</annotation>
