<annotation>
	<folder>INSECT12C</folder>
	<filename>img1430.jpg</filename>
	<path>C:\INSECT12C\img1430.jpg</path>
	<source>
		<database>Unknown</database>
	</source>
	<size>
		<width>800</width>
		<height>600</height>
		<depth>3</depth>
	</size>
	<segmented>0</segmented>
	<object>
		<name>Euschistus_heros_adulto</name>
		<pose>Unspecified</pose>
		<truncated>0</truncated>
		<difficult>0</difficult>
		<bndbox>
			<xmin>521</xmin>
			<ymin>319</ymin>
			<xmax>568</xmax>
			<ymax>364</ymax>
		</bndbox>
	</object>
	<object>
		<name>Gastropoda</name>
		<pose>Unspecified</pose>
		<truncated>0</truncated>
		<difficult>0</difficult>
		<bndbox>
			<xmin>388</xmin>
			<ymin>150</ymin>
			<xmax>444</xmax>
			<ymax>211</ymax>
		</bndbox>
	</object>
</annotation>
