<annotation>
	<folder>INSECT12C</folder>
	<filename>img1353.jpg</filename>
	<path>C:\INSECT12C\img1353.jpg</path>
	<source>
		<database>Unknown</database>
	</source>
	<size>
		<width>800</width>
		<height>600</height>
		<depth>3</depth>
	</size>
	<segmented>0</segmented>
	<object>
		<name>Diabrotica_speciosa</name>
		<pose>Unspecified</pose>
		<truncated>0</truncated>
		<difficult>0</difficult>
		<bndbox>
			<xmin>192</xmin>
			<ymin>74</ymin>
			<xmax>303</xmax>
			<ymax>205</ymax>
		</bndbox>
	</object>
</annotation>
