<annotation>
	<folder>INSECT12C</folder>
	<filename>img1374.jpg</filename>
	<path>C:\INSECT12C\img1374.jpg</path>
	<source>
		<database>Unknown</database>
	</source>
	<size>
		<width>600</width>
		<height>800</height>
		<depth>3</depth>
	</size>
	<segmented>0</segmented>
	<object>
		<name>Euschistus_heros_adulto</name>
		<pose>Unspecified</pose>
		<truncated>0</truncated>
		<difficult>0</difficult>
		<bndbox>
			<xmin>320</xmin>
			<ymin>330</ymin>
			<xmax>387</xmax>
			<ymax>386</ymax>
		</bndbox>
	</object>
	<object>
		<name>Euschistus_heros_ninfa</name>
		<pose>Unspecified</pose>
		<truncated>0</truncated>
		<difficult>0</difficult>
		<bndbox>
			<xmin>100</xmin>
			<ymin>536</ymin>
			<xmax>168</xmax>
			<ymax>593</ymax>
		</bndbox>
	</object>
</annotation>
