<annotation>
	<folder>INSECT12C</folder>
	<filename>img1389.jpg</filename>
	<path>C:\INSECT12C\img1389.jpg</path>
	<source>
		<database>Unknown</database>
	</source>
	<size>
		<width>600</width>
		<height>800</height>
		<depth>3</depth>
	</size>
	<segmented>0</segmented>
	<object>
		<name>Gastropoda</name>
		<pose>Unspecified</pose>
		<truncated>0</truncated>
		<difficult>0</difficult>
		<bndbox>
			<xmin>296</xmin>
			<ymin>281</ymin>
			<xmax>355</xmax>
			<ymax>332</ymax>
		</bndbox>
	</object>
	<object>
		<name>Euschistus_heros_adulto</name>
		<pose>Unspecified</pose>
		<truncated>0</truncated>
		<difficult>0</difficult>
		<bndbox>
			<xmin>336</xmin>
			<ymin>536</ymin>
			<xmax>388</xmax>
			<ymax>590</ymax>
		</bndbox>
	</object>
</annotation>
