<annotation>
	<folder>INSECT12C</folder>
	<filename>img1435.jpg</filename>
	<path>C:\INSECT12C\img1435.jpg</path>
	<source>
		<database>Unknown</database>
	</source>
	<size>
		<width>600</width>
		<height>800</height>
		<depth>3</depth>
	</size>
	<segmented>0</segmented>
	<object>
		<name>Euschistus_heros_ninfa</name>
		<pose>Unspecified</pose>
		<truncated>0</truncated>
		<difficult>0</difficult>
		<bndbox>
			<xmin>306</xmin>
			<ymin>491</ymin>
			<xmax>357</xmax>
			<ymax>557</ymax>
		</bndbox>
	</object>
	<object>
		<name>Euschistus_heros_ninfa</name>
		<pose>Unspecified</pose>
		<truncated>0</truncated>
		<difficult>0</difficult>
		<bndbox>
			<xmin>234</xmin>
			<ymin>304</ymin>
			<xmax>292</xmax>
			<ymax>361</ymax>
		</bndbox>
	</object>
</annotation>
