<annotation>
	<folder>INSECT12C</folder>
	<filename>img1473.jpg</filename>
	<path>C:\INSECT12C\img1473.jpg</path>
	<source>
		<database>Unknown</database>
	</source>
	<size>
		<width>600</width>
		<height>800</height>
		<depth>3</depth>
	</size>
	<segmented>0</segmented>
	<object>
		<name>Spodoptera_albula</name>
		<pose>Unspecified</pose>
		<truncated>0</truncated>
		<difficult>0</difficult>
		<bndbox>
			<xmin>242</xmin>
			<ymin>242</ymin>
			<xmax>358</xmax>
			<ymax>387</ymax>
		</bndbox>
	</object>
	<object>
		<name>Euschistus_heros_ninfa</name>
		<pose>Unspecified</pose>
		<truncated>0</truncated>
		<difficult>0</difficult>
		<bndbox>
			<xmin>76</xmin>
			<ymin>716</ymin>
			<xmax>142</xmax>
			<ymax>797</ymax>
		</bndbox>
	</object>
</annotation>
