<annotation>
	<folder>INSECT12C</folder>
	<filename>img1480.jpg</filename>
	<path>C:\INSECT12C\img1480.jpg</path>
	<source>
		<database>Unknown</database>
	</source>
	<size>
		<width>600</width>
		<height>800</height>
		<depth>3</depth>
	</size>
	<segmented>0</segmented>
	<object>
		<name>Euschistus_heros_adulto</name>
		<pose>Unspecified</pose>
		<truncated>0</truncated>
		<difficult>0</difficult>
		<bndbox>
			<xmin>258</xmin>
			<ymin>413</ymin>
			<xmax>325</xmax>
			<ymax>464</ymax>
		</bndbox>
	</object>
	<object>
		<name>Euschistus_heros_adulto</name>
		<pose>Unspecified</pose>
		<truncated>0</truncated>
		<difficult>0</difficult>
		<bndbox>
			<xmin>253</xmin>
			<ymin>461</ymin>
			<xmax>292</xmax>
			<ymax>489</ymax>
		</bndbox>
	</object>
</annotation>
