<annotation>
	<folder>INSECT12C</folder>
	<filename>img1433.jpg</filename>
	<path>C:\INSECT12C\img1433.jpg</path>
	<source>
		<database>Unknown</database>
	</source>
	<size>
		<width>600</width>
		<height>800</height>
		<depth>3</depth>
	</size>
	<segmented>0</segmented>
	<object>
		<name>Euschistus_heros_adulto</name>
		<pose>Unspecified</pose>
		<truncated>0</truncated>
		<difficult>0</difficult>
		<bndbox>
			<xmin>279</xmin>
			<ymin>436</ymin>
			<xmax>332</xmax>
			<ymax>505</ymax>
		</bndbox>
	</object>
	<object>
		<name>Coccinellidae</name>
		<pose>Unspecified</pose>
		<truncated>0</truncated>
		<difficult>0</difficult>
		<bndbox>
			<xmin>206</xmin>
			<ymin>356</ymin>
			<xmax>244</xmax>
			<ymax>387</ymax>
		</bndbox>
	</object>
</annotation>
