<annotation>
	<folder>INSECT12C</folder>
	<filename>img1380.jpg</filename>
	<path>C:\INSECT12C\img1380.jpg</path>
	<source>
		<database>Unknown</database>
	</source>
	<size>
		<width>600</width>
		<height>800</height>
		<depth>3</depth>
	</size>
	<segmented>0</segmented>
	<object>
		<name>Euschistus_heros_adulto</name>
		<pose>Unspecified</pose>
		<truncated>0</truncated>
		<difficult>0</difficult>
		<bndbox>
			<xmin>119</xmin>
			<ymin>611</ymin>
			<xmax>202</xmax>
			<ymax>692</ymax>
		</bndbox>
	</object>
	<object>
		<name>Nezara_viridula_ninfa</name>
		<pose>Unspecified</pose>
		<truncated>0</truncated>
		<difficult>0</difficult>
		<bndbox>
			<xmin>372</xmin>
			<ymin>264</ymin>
			<xmax>414</xmax>
			<ymax>310</ymax>
		</bndbox>
	</object>
</annotation>
