<annotation>
	<folder>INSECT12C</folder>
	<filename>img1411.jpg</filename>
	<path>C:\INSECT12C\img1411.jpg</path>
	<source>
		<database>Unknown</database>
	</source>
	<size>
		<width>600</width>
		<height>800</height>
		<depth>3</depth>
	</size>
	<segmented>0</segmented>
	<object>
		<name>Nezara_viridula_adulto</name>
		<pose>Unspecified</pose>
		<truncated>0</truncated>
		<difficult>0</difficult>
		<bndbox>
			<xmin>148</xmin>
			<ymin>313</ymin>
			<xmax>260</xmax>
			<ymax>434</ymax>
		</bndbox>
	</object>
	<object>
		<name>Euschistus_heros_ninfa</name>
		<pose>Unspecified</pose>
		<truncated>0</truncated>
		<difficult>0</difficult>
		<bndbox>
			<xmin>228</xmin>
			<ymin>653</ymin>
			<xmax>291</xmax>
			<ymax>709</ymax>
		</bndbox>
	</object>
</annotation>
