<annotation>
	<folder>INSECT12C</folder>
	<filename>img1375.jpg</filename>
	<path>C:\INSECT12C\img1375.jpg</path>
	<source>
		<database>Unknown</database>
	</source>
	<size>
		<width>600</width>
		<height>800</height>
		<depth>3</depth>
	</size>
	<segmented>0</segmented>
	<object>
		<name>Gastropoda</name>
		<pose>Unspecified</pose>
		<truncated>0</truncated>
		<difficult>0</difficult>
		<bndbox>
			<xmin>270</xmin>
			<ymin>315</ymin>
			<xmax>335</xmax>
			<ymax>363</ymax>
		</bndbox>
	</object>
	<object>
		<name>Euschistus_heros_adulto</name>
		<pose>Unspecified</pose>
		<truncated>0</truncated>
		<difficult>0</difficult>
		<bndbox>
			<xmin>454</xmin>
			<ymin>442</ymin>
			<xmax>493</xmax>
			<ymax>477</ymax>
		</bndbox>
	</object>
</annotation>
