<annotation>
	<folder>INSECT12C</folder>
	<filename>img1385.jpg</filename>
	<path>C:\INSECT12C\img1385.jpg</path>
	<source>
		<database>Unknown</database>
	</source>
	<size>
		<width>800</width>
		<height>600</height>
		<depth>3</depth>
	</size>
	<segmented>0</segmented>
	<object>
		<name>Euschistus_heros_ninfa</name>
		<pose>Unspecified</pose>
		<truncated>0</truncated>
		<difficult>0</difficult>
		<bndbox>
			<xmin>404</xmin>
			<ymin>63</ymin>
			<xmax>441</xmax>
			<ymax>95</ymax>
		</bndbox>
	</object>
	<object>
		<name>Anticarsia_gemmatalis</name>
		<pose>Unspecified</pose>
		<truncated>0</truncated>
		<difficult>0</difficult>
		<bndbox>
			<xmin>400</xmin>
			<ymin>269</ymin>
			<xmax>461</xmax>
			<ymax>366</ymax>
		</bndbox>
	</object>
</annotation>
