<annotation>
	<folder>INSECT12C</folder>
	<filename>img1437.jpg</filename>
	<path>C:\INSECT12C\img1437.jpg</path>
	<source>
		<database>Unknown</database>
	</source>
	<size>
		<width>600</width>
		<height>800</height>
		<depth>3</depth>
	</size>
	<segmented>0</segmented>
	<object>
		<name>Gastropoda</name>
		<pose>Unspecified</pose>
		<truncated>0</truncated>
		<difficult>0</difficult>
		<bndbox>
			<xmin>216</xmin>
			<ymin>472</ymin>
			<xmax>310</xmax>
			<ymax>539</ymax>
		</bndbox>
	</object>
	<object>
		<name>Euschistus_heros_adulto</name>
		<pose>Unspecified</pose>
		<truncated>0</truncated>
		<difficult>0</difficult>
		<bndbox>
			<xmin>223</xmin>
			<ymin>322</ymin>
			<xmax>254</xmax>
			<ymax>350</ymax>
		</bndbox>
	</object>
</annotation>
