<annotation>
	<folder>INSECT12C</folder>
	<filename>img1007.jpg</filename>
	<path>C:\INSECT12C\img1007.jpg</path>
	<source>
		<database>Unknown</database>
	</source>
	<size>
		<width>800</width>
		<height>600</height>
		<depth>3</depth>
	</size>
	<segmented>0</segmented>
	<object>
		<name>Euschistus_heros_adulto</name>
		<pose>Unspecified</pose>
		<truncated>0</truncated>
		<difficult>0</difficult>
		<bndbox>
			<xmin>79</xmin>
			<ymin>395</ymin>
			<xmax>113</xmax>
			<ymax>425</ymax>
		</bndbox>
	</object>
	<object>
		<name>Euschistus_heros_adulto</name>
		<pose>Unspecified</pose>
		<truncated>0</truncated>
		<difficult>0</difficult>
		<bndbox>
			<xmin>301</xmin>
			<ymin>215</ymin>
			<xmax>338</xmax>
			<ymax>254</ymax>
		</bndbox>
	</object>
</annotation>
