<annotation>
	<folder>INSECT12C</folder>
	<filename>img1042.jpg</filename>
	<path>C:\INSECT12C\img1042.jpg</path>
	<source>
		<database>Unknown</database>
	</source>
	<size>
		<width>600</width>
		<height>800</height>
		<depth>3</depth>
	</size>
	<segmented>0</segmented>
	<object>
		<name>Euschistus_heros_ninfa</name>
		<pose>Unspecified</pose>
		<truncated>0</truncated>
		<difficult>0</difficult>
		<bndbox>
			<xmin>156</xmin>
			<ymin>717</ymin>
			<xmax>197</xmax>
			<ymax>756</ymax>
		</bndbox>
	</object>
	<object>
		<name>Gastropoda</name>
		<pose>Unspecified</pose>
		<truncated>0</truncated>
		<difficult>0</difficult>
		<bndbox>
			<xmin>232</xmin>
			<ymin>418</ymin>
			<xmax>301</xmax>
			<ymax>471</ymax>
		</bndbox>
	</object>
</annotation>
