<annotation>
	<folder>INSECT12C</folder>
	<filename>img1008.jpg</filename>
	<path>C:\INSECT12C\img1008.jpg</path>
	<source>
		<database>Unknown</database>
	</source>
	<size>
		<width>800</width>
		<height>600</height>
		<depth>3</depth>
	</size>
	<segmented>0</segmented>
	<object>
		<name>Euschistus_heros_adulto</name>
		<pose>Unspecified</pose>
		<truncated>0</truncated>
		<difficult>0</difficult>
		<bndbox>
			<xmin>249</xmin>
			<ymin>138</ymin>
			<xmax>277</xmax>
			<ymax>169</ymax>
		</bndbox>
	</object>
	<object>
		<name>Euschistus_heros_ninfa</name>
		<pose>Unspecified</pose>
		<truncated>0</truncated>
		<difficult>0</difficult>
		<bndbox>
			<xmin>391</xmin>
			<ymin>267</ymin>
			<xmax>430</xmax>
			<ymax>311</ymax>
		</bndbox>
	</object>
</annotation>
