<annotation>
	<folder>INSECT12C</folder>
	<filename>img1014.jpg</filename>
	<path>C:\INSECT12C\img1014.jpg</path>
	<source>
		<database>Unknown</database>
	</source>
	<size>
		<width>600</width>
		<height>800</height>
		<depth>3</depth>
	</size>
	<segmented>0</segmented>
	<object>
		<name>Euschistus_heros_ninfa</name>
		<pose>Unspecified</pose>
		<truncated>0</truncated>
		<difficult>0</difficult>
		<bndbox>
			<xmin>265</xmin>
			<ymin>281</ymin>
			<xmax>299</xmax>
			<ymax>314</ymax>
		</bndbox>
	</object>
	<object>
		<name>Euschistus_heros_ninfa</name>
		<pose>Unspecified</pose>
		<truncated>0</truncated>
		<difficult>0</difficult>
		<bndbox>
			<xmin>311</xmin>
			<ymin>595</ymin>
			<xmax>347</xmax>
			<ymax>626</ymax>
		</bndbox>
	</object>
</annotation>
