<annotation>
	<folder>INSECT12C</folder>
	<filename>img1001.jpg</filename>
	<path>C:\INSECT12C\img1001.jpg</path>
	<source>
		<database>Unknown</database>
	</source>
	<size>
		<width>800</width>
		<height>600</height>
		<depth>3</depth>
	</size>
	<segmented>0</segmented>
	<object>
		<name>Euschistus_heros_adulto</name>
		<pose>Unspecified</pose>
		<truncated>1</truncated>
		<difficult>0</difficult>
		<bndbox>
			<xmin>520</xmin>
			<ymin>537</ymin>
			<xmax>603</xmax>
			<ymax>600</ymax>
		</bndbox>
	</object>
	<object>
		<name>Euschistus_heros_adulto</name>
		<pose>Unspecified</pose>
		<truncated>0</truncated>
		<difficult>0</difficult>
		<bndbox>
			<xmin>269</xmin>
			<ymin>143</ymin>
			<xmax>372</xmax>
			<ymax>267</ymax>
		</bndbox>
	</object>
</annotation>
