<annotation>
	<folder>INSECT12C</folder>
	<filename>img1028.jpg</filename>
	<path>C:\INSECT12C\img1028.jpg</path>
	<source>
		<database>Unknown</database>
	</source>
	<size>
		<width>600</width>
		<height>800</height>
		<depth>3</depth>
	</size>
	<segmented>0</segmented>
	<object>
		<name>Euschistus_heros_adulto</name>
		<pose>Unspecified</pose>
		<truncated>0</truncated>
		<difficult>0</difficult>
		<bndbox>
			<xmin>157</xmin>
			<ymin>447</ymin>
			<xmax>199</xmax>
			<ymax>487</ymax>
		</bndbox>
	</object>
	<object>
		<name>Euschistus_heros_ninfa</name>
		<pose>Unspecified</pose>
		<truncated>0</truncated>
		<difficult>0</difficult>
		<bndbox>
			<xmin>382</xmin>
			<ymin>319</ymin>
			<xmax>418</xmax>
			<ymax>355</ymax>
		</bndbox>
	</object>
</annotation>
