<annotation>
	<folder>INSECT12C</folder>
	<filename>img1000.jpg</filename>
	<path>C:\INSECT12C\img1000.jpg</path>
	<source>
		<database>Unknown</database>
	</source>
	<size>
		<width>800</width>
		<height>600</height>
		<depth>3</depth>
	</size>
	<segmented>0</segmented>
	<object>
		<name>Euschistus_heros_ninfa</name>
		<pose>Unspecified</pose>
		<truncated>0</truncated>
		<difficult>0</difficult>
		<bndbox>
			<xmin>434</xmin>
			<ymin>310</ymin>
			<xmax>494</xmax>
			<ymax>370</ymax>
		</bndbox>
	</object>
</annotation>
