<annotation>
	<folder>INSECT12C</folder>
	<filename>img930.jpg</filename>
	<path>C:\INSECT12C\img930.jpg</path>
	<source>
		<database>Unknown</database>
	</source>
	<size>
		<width>600</width>
		<height>800</height>
		<depth>3</depth>
	</size>
	<segmented>0</segmented>
	<object>
		<name>Euschistus_heros_adulto</name>
		<pose>Unspecified</pose>
		<truncated>0</truncated>
		<difficult>0</difficult>
		<bndbox>
			<xmin>305</xmin>
			<ymin>288</ymin>
			<xmax>370</xmax>
			<ymax>335</ymax>
		</bndbox>
	</object>
	<object>
		<name>Euschistus_heros_adulto</name>
		<pose>Unspecified</pose>
		<truncated>0</truncated>
		<difficult>0</difficult>
		<bndbox>
			<xmin>298</xmin>
			<ymin>332</ymin>
			<xmax>350</xmax>
			<ymax>366</ymax>
		</bndbox>
	</object>
</annotation>
