<annotation>
	<folder>INSECT12C</folder>
	<filename>img956.jpg</filename>
	<path>C:\INSECT12C\img956.jpg</path>
	<source>
		<database>Unknown</database>
	</source>
	<size>
		<width>600</width>
		<height>800</height>
		<depth>3</depth>
	</size>
	<segmented>0</segmented>
	<object>
		<name>Gastropoda</name>
		<pose>Unspecified</pose>
		<truncated>0</truncated>
		<difficult>0</difficult>
		<bndbox>
			<xmin>176</xmin>
			<ymin>368</ymin>
			<xmax>244</xmax>
			<ymax>423</ymax>
		</bndbox>
	</object>
	<object>
		<name>Spodoptera_albula</name>
		<pose>Unspecified</pose>
		<truncated>1</truncated>
		<difficult>0</difficult>
		<bndbox>
			<xmin>238</xmin>
			<ymin>1</ymin>
			<xmax>312</xmax>
			<ymax>52</ymax>
		</bndbox>
	</object>
</annotation>
