<annotation>
	<folder>INSECT12C</folder>
	<filename>img931.jpg</filename>
	<path>C:\INSECT12C\img931.jpg</path>
	<source>
		<database>Unknown</database>
	</source>
	<size>
		<width>600</width>
		<height>800</height>
		<depth>3</depth>
	</size>
	<segmented>0</segmented>
	<object>
		<name>Anticarsia_gemmatalis</name>
		<pose>Unspecified</pose>
		<truncated>0</truncated>
		<difficult>0</difficult>
		<bndbox>
			<xmin>309</xmin>
			<ymin>380</ymin>
			<xmax>410</xmax>
			<ymax>535</ymax>
		</bndbox>
	</object>
</annotation>
