<annotation>
	<folder>INSECT12C</folder>
	<filename>img932.jpg</filename>
	<path>C:\INSECT12C\img932.jpg</path>
	<source>
		<database>Unknown</database>
	</source>
	<size>
		<width>600</width>
		<height>800</height>
		<depth>3</depth>
	</size>
	<segmented>0</segmented>
	<object>
		<name>Anticarsia_gemmatalis</name>
		<pose>Unspecified</pose>
		<truncated>0</truncated>
		<difficult>0</difficult>
		<bndbox>
			<xmin>159</xmin>
			<ymin>344</ymin>
			<xmax>298</xmax>
			<ymax>434</ymax>
		</bndbox>
	</object>
	<object>
		<name>Euschistus_heros_ninfa</name>
		<pose>Unspecified</pose>
		<truncated>0</truncated>
		<difficult>0</difficult>
		<bndbox>
			<xmin>94</xmin>
			<ymin>239</ymin>
			<xmax>142</xmax>
			<ymax>289</ymax>
		</bndbox>
	</object>
</annotation>
