<annotation>
	<folder>INSECT12C</folder>
	<filename>img981.jpg</filename>
	<path>C:\INSECT12C\img981.jpg</path>
	<source>
		<database>Unknown</database>
	</source>
	<size>
		<width>600</width>
		<height>800</height>
		<depth>3</depth>
	</size>
	<segmented>0</segmented>
	<object>
		<name>Gastropoda</name>
		<pose>Unspecified</pose>
		<truncated>0</truncated>
		<difficult>0</difficult>
		<bndbox>
			<xmin>247</xmin>
			<ymin>124</ymin>
			<xmax>302</xmax>
			<ymax>182</ymax>
		</bndbox>
	</object>
	<object>
		<name>Spodoptera_albula</name>
		<pose>Unspecified</pose>
		<truncated>0</truncated>
		<difficult>0</difficult>
		<bndbox>
			<xmin>184</xmin>
			<ymin>579</ymin>
			<xmax>236</xmax>
			<ymax>644</ymax>
		</bndbox>
	</object>
</annotation>
