<annotation>
	<folder>INSECT12C</folder>
	<filename>img959.jpg</filename>
	<path>C:\INSECT12C\img959.jpg</path>
	<source>
		<database>Unknown</database>
	</source>
	<size>
		<width>600</width>
		<height>800</height>
		<depth>3</depth>
	</size>
	<segmented>0</segmented>
	<object>
		<name>Nezara_viridula_ninfa</name>
		<pose>Unspecified</pose>
		<truncated>0</truncated>
		<difficult>0</difficult>
		<bndbox>
			<xmin>269</xmin>
			<ymin>330</ymin>
			<xmax>310</xmax>
			<ymax>371</ymax>
		</bndbox>
	</object>
	<object>
		<name>Euschistus_heros_adulto</name>
		<pose>Unspecified</pose>
		<truncated>0</truncated>
		<difficult>0</difficult>
		<bndbox>
			<xmin>155</xmin>
			<ymin>480</ymin>
			<xmax>190</xmax>
			<ymax>510</ymax>
		</bndbox>
	</object>
</annotation>
