<annotation>
	<folder>INSECT12C</folder>
	<filename>img955.jpg</filename>
	<path>C:\INSECT12C\img955.jpg</path>
	<source>
		<database>Unknown</database>
	</source>
	<size>
		<width>600</width>
		<height>800</height>
		<depth>3</depth>
	</size>
	<segmented>0</segmented>
	<object>
		<name>Nezara_viridula_ninfa</name>
		<pose>Unspecified</pose>
		<truncated>0</truncated>
		<difficult>0</difficult>
		<bndbox>
			<xmin>157</xmin>
			<ymin>401</ymin>
			<xmax>209</xmax>
			<ymax>446</ymax>
		</bndbox>
	</object>
	<object>
		<name>Nezara_viridula_ninfa</name>
		<pose>Unspecified</pose>
		<truncated>0</truncated>
		<difficult>0</difficult>
		<bndbox>
			<xmin>383</xmin>
			<ymin>269</ymin>
			<xmax>422</xmax>
			<ymax>309</ymax>
		</bndbox>
	</object>
	<object>
		<name>Euschistus_heros_adulto</name>
		<pose>Unspecified</pose>
		<truncated>0</truncated>
		<difficult>0</difficult>
		<bndbox>
			<xmin>278</xmin>
			<ymin>394</ymin>
			<xmax>313</xmax>
			<ymax>421</ymax>
		</bndbox>
	</object>
</annotation>
