<annotation>
	<folder>INSECT12C</folder>
	<filename>img989.jpg</filename>
	<path>C:\INSECT12C\img989.jpg</path>
	<source>
		<database>Unknown</database>
	</source>
	<size>
		<width>600</width>
		<height>800</height>
		<depth>3</depth>
	</size>
	<segmented>0</segmented>
	<object>
		<name>Euschistus_heros_adulto</name>
		<pose>Unspecified</pose>
		<truncated>0</truncated>
		<difficult>0</difficult>
		<bndbox>
			<xmin>314</xmin>
			<ymin>354</ymin>
			<xmax>358</xmax>
			<ymax>401</ymax>
		</bndbox>
	</object>
	<object>
		<name>Euschistus_heros_adulto</name>
		<pose>Unspecified</pose>
		<truncated>0</truncated>
		<difficult>0</difficult>
		<bndbox>
			<xmin>252</xmin>
			<ymin>303</ymin>
			<xmax>294</xmax>
			<ymax>336</ymax>
		</bndbox>
	</object>
</annotation>
