<annotation>
	<folder>INSECT12C</folder>
	<filename>img907.jpg</filename>
	<path>C:\INSECT12C\img907.jpg</path>
	<source>
		<database>Unknown</database>
	</source>
	<size>
		<width>800</width>
		<height>600</height>
		<depth>3</depth>
	</size>
	<segmented>0</segmented>
	<object>
		<name>Euschistus_heros_adulto</name>
		<pose>Unspecified</pose>
		<truncated>0</truncated>
		<difficult>0</difficult>
		<bndbox>
			<xmin>271</xmin>
			<ymin>220</ymin>
			<xmax>313</xmax>
			<ymax>259</ymax>
		</bndbox>
	</object>
	<object>
		<name>Euschistus_heros_ninfa</name>
		<pose>Unspecified</pose>
		<truncated>0</truncated>
		<difficult>0</difficult>
		<bndbox>
			<xmin>376</xmin>
			<ymin>248</ymin>
			<xmax>419</xmax>
			<ymax>291</ymax>
		</bndbox>
	</object>
</annotation>
