<annotation>
	<folder>INSECT12C</folder>
	<filename>img960.jpg</filename>
	<path>C:\INSECT12C\img960.jpg</path>
	<source>
		<database>Unknown</database>
	</source>
	<size>
		<width>600</width>
		<height>800</height>
		<depth>3</depth>
	</size>
	<segmented>0</segmented>
	<object>
		<name>Nezara_viridula_ninfa</name>
		<pose>Unspecified</pose>
		<truncated>0</truncated>
		<difficult>0</difficult>
		<bndbox>
			<xmin>221</xmin>
			<ymin>285</ymin>
			<xmax>294</xmax>
			<ymax>364</ymax>
		</bndbox>
	</object>
	<object>
		<name>Euschistus_heros_adulto</name>
		<pose>Unspecified</pose>
		<truncated>0</truncated>
		<difficult>0</difficult>
		<bndbox>
			<xmin>99</xmin>
			<ymin>594</ymin>
			<xmax>159</xmax>
			<ymax>647</ymax>
		</bndbox>
	</object>
</annotation>
