<annotation>
	<folder>INSECT12C</folder>
	<filename>img991.jpg</filename>
	<path>C:\INSECT12C\img991.jpg</path>
	<source>
		<database>Unknown</database>
	</source>
	<size>
		<width>800</width>
		<height>600</height>
		<depth>3</depth>
	</size>
	<segmented>0</segmented>
	<object>
		<name>Anticarsia_gemmatalis</name>
		<pose>Unspecified</pose>
		<truncated>0</truncated>
		<difficult>0</difficult>
		<bndbox>
			<xmin>364</xmin>
			<ymin>273</ymin>
			<xmax>455</xmax>
			<ymax>330</ymax>
		</bndbox>
	</object>
	<object>
		<name>Euschistus_heros_ninfa</name>
		<pose>Unspecified</pose>
		<truncated>0</truncated>
		<difficult>0</difficult>
		<bndbox>
			<xmin>746</xmin>
			<ymin>377</ymin>
			<xmax>792</xmax>
			<ymax>419</ymax>
		</bndbox>
	</object>
</annotation>
