<annotation>
	<folder>INSECT12C</folder>
	<filename>img457.jpg</filename>
	<path>C:\INSECT12C\img457.jpg</path>
	<source>
		<database>Unknown</database>
	</source>
	<size>
		<width>600</width>
		<height>800</height>
		<depth>3</depth>
	</size>
	<segmented>0</segmented>
	<object>
		<name>Euschistus_heros_ninfa</name>
		<pose>Unspecified</pose>
		<truncated>0</truncated>
		<difficult>0</difficult>
		<bndbox>
			<xmin>563</xmin>
			<ymin>352</ymin>
			<xmax>594</xmax>
			<ymax>380</ymax>
		</bndbox>
	</object>
	<object>
		<name>Spodoptera_albula</name>
		<pose>Unspecified</pose>
		<truncated>0</truncated>
		<difficult>0</difficult>
		<bndbox>
			<xmin>210</xmin>
			<ymin>437</ymin>
			<xmax>306</xmax>
			<ymax>536</ymax>
		</bndbox>
	</object>
</annotation>
