<annotation>
	<folder>INSECT12C</folder>
	<filename>img461.jpg</filename>
	<path>C:\INSECT12C\img461.jpg</path>
	<source>
		<database>Unknown</database>
	</source>
	<size>
		<width>800</width>
		<height>600</height>
		<depth>3</depth>
	</size>
	<segmented>0</segmented>
	<object>
		<name>Spodoptera_albula</name>
		<pose>Unspecified</pose>
		<truncated>0</truncated>
		<difficult>0</difficult>
		<bndbox>
			<xmin>378</xmin>
			<ymin>88</ymin>
			<xmax>508</xmax>
			<ymax>229</ymax>
		</bndbox>
	</object>
</annotation>
