<annotation>
	<folder>INSECT12C</folder>
	<filename>img494.jpg</filename>
	<path>C:\INSECT12C\img494.jpg</path>
	<source>
		<database>Unknown</database>
	</source>
	<size>
		<width>600</width>
		<height>800</height>
		<depth>3</depth>
	</size>
	<segmented>0</segmented>
	<object>
		<name>Spodoptera_albula</name>
		<pose>Unspecified</pose>
		<truncated>0</truncated>
		<difficult>0</difficult>
		<bndbox>
			<xmin>150</xmin>
			<ymin>313</ymin>
			<xmax>254</xmax>
			<ymax>409</ymax>
		</bndbox>
	</object>
	<object>
		<name>Euschistus_heros_adulto</name>
		<pose>Unspecified</pose>
		<truncated>0</truncated>
		<difficult>0</difficult>
		<bndbox>
			<xmin>312</xmin>
			<ymin>490</ymin>
			<xmax>357</xmax>
			<ymax>534</ymax>
		</bndbox>
	</object>
</annotation>
