<annotation>
	<folder>INSECT12C</folder>
	<filename>img482.jpg</filename>
	<path>C:\INSECT12C\img482.jpg</path>
	<source>
		<database>Unknown</database>
	</source>
	<size>
		<width>800</width>
		<height>600</height>
		<depth>3</depth>
	</size>
	<segmented>0</segmented>
	<object>
		<name>Spodoptera_albula</name>
		<pose>Unspecified</pose>
		<truncated>0</truncated>
		<difficult>0</difficult>
		<bndbox>
			<xmin>278</xmin>
			<ymin>251</ymin>
			<xmax>438</xmax>
			<ymax>343</ymax>
		</bndbox>
	</object>
	<object>
		<name>Euschistus_heros_ninfa</name>
		<pose>Unspecified</pose>
		<truncated>0</truncated>
		<difficult>0</difficult>
		<bndbox>
			<xmin>397</xmin>
			<ymin>541</ymin>
			<xmax>446</xmax>
			<ymax>595</ymax>
		</bndbox>
	</object>
</annotation>
