<annotation>
	<folder>INSECT12C</folder>
	<filename>img493.jpg</filename>
	<path>C:\INSECT12C\img493.jpg</path>
	<source>
		<database>Unknown</database>
	</source>
	<size>
		<width>800</width>
		<height>600</height>
		<depth>3</depth>
	</size>
	<segmented>0</segmented>
	<object>
		<name>Euschistus_heros_ninfa</name>
		<pose>Unspecified</pose>
		<truncated>0</truncated>
		<difficult>0</difficult>
		<bndbox>
			<xmin>278</xmin>
			<ymin>191</ymin>
			<xmax>346</xmax>
			<ymax>265</ymax>
		</bndbox>
	</object>
	<object>
		<name>Euschistus_heros_ninfa</name>
		<pose>Unspecified</pose>
		<truncated>0</truncated>
		<difficult>0</difficult>
		<bndbox>
			<xmin>183</xmin>
			<ymin>164</ymin>
			<xmax>267</xmax>
			<ymax>252</ymax>
		</bndbox>
	</object>
</annotation>
