<annotation>
	<folder>INSECT12C</folder>
	<filename>img517.jpg</filename>
	<path>C:\INSECT12C\img517.jpg</path>
	<source>
		<database>Unknown</database>
	</source>
	<size>
		<width>800</width>
		<height>600</height>
		<depth>3</depth>
	</size>
	<segmented>0</segmented>
	<object>
		<name>Euschistus_heros_adulto</name>
		<pose>Unspecified</pose>
		<truncated>0</truncated>
		<difficult>0</difficult>
		<bndbox>
			<xmin>100</xmin>
			<ymin>252</ymin>
			<xmax>154</xmax>
			<ymax>299</ymax>
		</bndbox>
	</object>
	<object>
		<name>Spodoptera_albula</name>
		<pose>Unspecified</pose>
		<truncated>0</truncated>
		<difficult>0</difficult>
		<bndbox>
			<xmin>269</xmin>
			<ymin>310</ymin>
			<xmax>340</xmax>
			<ymax>371</ymax>
		</bndbox>
	</object>
</annotation>
