<annotation>
	<folder>INSECT12C</folder>
	<filename>img588.jpg</filename>
	<path>C:\INSECT12C\img588.jpg</path>
	<source>
		<database>Unknown</database>
	</source>
	<size>
		<width>600</width>
		<height>800</height>
		<depth>3</depth>
	</size>
	<segmented>0</segmented>
	<object>
		<name>Rhammatocerus_schistocercoides</name>
		<pose>Unspecified</pose>
		<truncated>0</truncated>
		<difficult>0</difficult>
		<bndbox>
			<xmin>326</xmin>
			<ymin>359</ymin>
			<xmax>388</xmax>
			<ymax>446</ymax>
		</bndbox>
	</object>
</annotation>
