<annotation>
	<folder>INSECT12C</folder>
	<filename>img587.jpg</filename>
	<path>C:\INSECT12C\img587.jpg</path>
	<source>
		<database>Unknown</database>
	</source>
	<size>
		<width>600</width>
		<height>800</height>
		<depth>3</depth>
	</size>
	<segmented>0</segmented>
	<object>
		<name>Rhammatocerus_schistocercoides</name>
		<pose>Unspecified</pose>
		<truncated>0</truncated>
		<difficult>0</difficult>
		<bndbox>
			<xmin>302</xmin>
			<ymin>402</ymin>
			<xmax>412</xmax>
			<ymax>490</ymax>
		</bndbox>
	</object>
</annotation>
