<annotation>
	<folder>INSECT12C</folder>
	<filename>img507.jpg</filename>
	<path>C:\INSECT12C\img507.jpg</path>
	<source>
		<database>Unknown</database>
	</source>
	<size>
		<width>600</width>
		<height>800</height>
		<depth>3</depth>
	</size>
	<segmented>0</segmented>
	<object>
		<name>Euschistus_heros_adulto</name>
		<pose>Unspecified</pose>
		<truncated>0</truncated>
		<difficult>0</difficult>
		<bndbox>
			<xmin>167</xmin>
			<ymin>199</ymin>
			<xmax>207</xmax>
			<ymax>238</ymax>
		</bndbox>
	</object>
	<object>
		<name>Coccinellidae</name>
		<pose>Unspecified</pose>
		<truncated>0</truncated>
		<difficult>0</difficult>
		<bndbox>
			<xmin>353</xmin>
			<ymin>453</ymin>
			<xmax>394</xmax>
			<ymax>493</ymax>
		</bndbox>
	</object>
</annotation>
