<annotation>
	<folder>INSECT12C</folder>
	<filename>img545.jpg</filename>
	<path>C:\INSECT12C\img545.jpg</path>
	<source>
		<database>Unknown</database>
	</source>
	<size>
		<width>600</width>
		<height>800</height>
		<depth>3</depth>
	</size>
	<segmented>0</segmented>
	<object>
		<name>Euschistus_heros_ninfa</name>
		<pose>Unspecified</pose>
		<truncated>0</truncated>
		<difficult>0</difficult>
		<bndbox>
			<xmin>359</xmin>
			<ymin>487</ymin>
			<xmax>407</xmax>
			<ymax>540</ymax>
		</bndbox>
	</object>
	<object>
		<name>Euschistus_heros_ninfa</name>
		<pose>Unspecified</pose>
		<truncated>0</truncated>
		<difficult>0</difficult>
		<bndbox>
			<xmin>256</xmin>
			<ymin>430</ymin>
			<xmax>317</xmax>
			<ymax>485</ymax>
		</bndbox>
	</object>
</annotation>
