<annotation>
	<folder>INSECT12C</folder>
	<filename>img512.jpg</filename>
	<path>C:\INSECT12C\img512.jpg</path>
	<source>
		<database>Unknown</database>
	</source>
	<size>
		<width>800</width>
		<height>600</height>
		<depth>3</depth>
	</size>
	<segmented>0</segmented>
	<object>
		<name>Spodoptera_albula</name>
		<pose>Unspecified</pose>
		<truncated>0</truncated>
		<difficult>0</difficult>
		<bndbox>
			<xmin>224</xmin>
			<ymin>281</ymin>
			<xmax>283</xmax>
			<ymax>342</ymax>
		</bndbox>
	</object>
	<object>
		<name>Euschistus_heros_adulto</name>
		<pose>Unspecified</pose>
		<truncated>0</truncated>
		<difficult>0</difficult>
		<bndbox>
			<xmin>518</xmin>
			<ymin>293</ymin>
			<xmax>565</xmax>
			<ymax>334</ymax>
		</bndbox>
	</object>
</annotation>
