<annotation>
	<folder>INSECT12C</folder>
	<filename>img573.jpg</filename>
	<path>C:\INSECT12C\img573.jpg</path>
	<source>
		<database>Unknown</database>
	</source>
	<size>
		<width>600</width>
		<height>800</height>
		<depth>3</depth>
	</size>
	<segmented>0</segmented>
	<object>
		<name>Spodoptera_albula</name>
		<pose>Unspecified</pose>
		<truncated>0</truncated>
		<difficult>0</difficult>
		<bndbox>
			<xmin>218</xmin>
			<ymin>394</ymin>
			<xmax>316</xmax>
			<ymax>462</ymax>
		</bndbox>
	</object>
	<object>
		<name>Coccinellidae</name>
		<pose>Unspecified</pose>
		<truncated>0</truncated>
		<difficult>0</difficult>
		<bndbox>
			<xmin>365</xmin>
			<ymin>348</ymin>
			<xmax>396</xmax>
			<ymax>377</ymax>
		</bndbox>
	</object>
</annotation>
