<annotation>
	<folder>INSECT12C</folder>
	<filename>img532.jpg</filename>
	<path>C:\INSECT12C\img532.jpg</path>
	<source>
		<database>Unknown</database>
	</source>
	<size>
		<width>600</width>
		<height>800</height>
		<depth>3</depth>
	</size>
	<segmented>0</segmented>
	<object>
		<name>Spodoptera_albula</name>
		<pose>Unspecified</pose>
		<truncated>0</truncated>
		<difficult>0</difficult>
		<bndbox>
			<xmin>259</xmin>
			<ymin>205</ymin>
			<xmax>377</xmax>
			<ymax>355</ymax>
		</bndbox>
	</object>
	<object>
		<name>Euschistus_heros_ninfa</name>
		<pose>Unspecified</pose>
		<truncated>0</truncated>
		<difficult>0</difficult>
		<bndbox>
			<xmin>446</xmin>
			<ymin>58</ymin>
			<xmax>522</xmax>
			<ymax>134</ymax>
		</bndbox>
	</object>
</annotation>
