<annotation>
	<folder>INSECT12C</folder>
	<filename>img542.jpg</filename>
	<path>C:\INSECT12C\img542.jpg</path>
	<source>
		<database>Unknown</database>
	</source>
	<size>
		<width>600</width>
		<height>800</height>
		<depth>3</depth>
	</size>
	<segmented>0</segmented>
	<object>
		<name>Euschistus_heros_ninfa</name>
		<pose>Unspecified</pose>
		<truncated>0</truncated>
		<difficult>0</difficult>
		<bndbox>
			<xmin>535</xmin>
			<ymin>712</ymin>
			<xmax>595</xmax>
			<ymax>776</ymax>
		</bndbox>
	</object>
	<object>
		<name>Spodoptera_albula</name>
		<pose>Unspecified</pose>
		<truncated>0</truncated>
		<difficult>0</difficult>
		<bndbox>
			<xmin>244</xmin>
			<ymin>326</ymin>
			<xmax>332</xmax>
			<ymax>400</ymax>
		</bndbox>
	</object>
</annotation>
