<annotation>
	<folder>INSECT12C</folder>
	<filename>img583.jpg</filename>
	<path>C:\INSECT12C\img583.jpg</path>
	<source>
		<database>Unknown</database>
	</source>
	<size>
		<width>600</width>
		<height>800</height>
		<depth>3</depth>
	</size>
	<segmented>0</segmented>
	<object>
		<name>Rhammatocerus_schistocercoides</name>
		<pose>Unspecified</pose>
		<truncated>0</truncated>
		<difficult>0</difficult>
		<bndbox>
			<xmin>256</xmin>
			<ymin>292</ymin>
			<xmax>353</xmax>
			<ymax>443</ymax>
		</bndbox>
	</object>
</annotation>
