<annotation>
	<folder>INSECT12C</folder>
	<filename>img497.jpg</filename>
	<path>C:\INSECT12C\img497.jpg</path>
	<source>
		<database>Unknown</database>
	</source>
	<size>
		<width>600</width>
		<height>800</height>
		<depth>3</depth>
	</size>
	<segmented>0</segmented>
	<object>
		<name>Gastropoda</name>
		<pose>Unspecified</pose>
		<truncated>0</truncated>
		<difficult>0</difficult>
		<bndbox>
			<xmin>236</xmin>
			<ymin>340</ymin>
			<xmax>309</xmax>
			<ymax>412</ymax>
		</bndbox>
	</object>
	<object>
		<name>Euschistus_heros_ninfa</name>
		<pose>Unspecified</pose>
		<truncated>0</truncated>
		<difficult>0</difficult>
		<bndbox>
			<xmin>305</xmin>
			<ymin>185</ymin>
			<xmax>354</xmax>
			<ymax>224</ymax>
		</bndbox>
	</object>
</annotation>
