<annotation>
	<folder>INSECT12C</folder>
	<filename>img477.jpg</filename>
	<path>C:\INSECT12C\img477.jpg</path>
	<source>
		<database>Unknown</database>
	</source>
	<size>
		<width>600</width>
		<height>800</height>
		<depth>3</depth>
	</size>
	<segmented>0</segmented>
	<object>
		<name>Spodoptera_albula</name>
		<pose>Unspecified</pose>
		<truncated>0</truncated>
		<difficult>0</difficult>
		<bndbox>
			<xmin>174</xmin>
			<ymin>470</ymin>
			<xmax>254</xmax>
			<ymax>575</ymax>
		</bndbox>
	</object>
	<object>
		<name>Euschistus_heros_ninfa</name>
		<pose>Unspecified</pose>
		<truncated>0</truncated>
		<difficult>0</difficult>
		<bndbox>
			<xmin>549</xmin>
			<ymin>413</ymin>
			<xmax>588</xmax>
			<ymax>451</ymax>
		</bndbox>
	</object>
</annotation>
