<annotation>
	<folder>INSECT12C</folder>
	<filename>img496.jpg</filename>
	<path>C:\INSECT12C\img496.jpg</path>
	<source>
		<database>Unknown</database>
	</source>
	<size>
		<width>600</width>
		<height>800</height>
		<depth>3</depth>
	</size>
	<segmented>0</segmented>
	<object>
		<name>Spodoptera_albula</name>
		<pose>Unspecified</pose>
		<truncated>0</truncated>
		<difficult>0</difficult>
		<bndbox>
			<xmin>268</xmin>
			<ymin>322</ymin>
			<xmax>372</xmax>
			<ymax>409</ymax>
		</bndbox>
	</object>
	<object>
		<name>Euschistus_heros_adulto</name>
		<pose>Unspecified</pose>
		<truncated>0</truncated>
		<difficult>0</difficult>
		<bndbox>
			<xmin>500</xmin>
			<ymin>180</ymin>
			<xmax>585</xmax>
			<ymax>267</ymax>
		</bndbox>
	</object>
</annotation>
