<annotation>
	<folder>INSECT12C</folder>
	<filename>img474.jpg</filename>
	<path>C:\INSECT12C\img474.jpg</path>
	<source>
		<database>Unknown</database>
	</source>
	<size>
		<width>800</width>
		<height>600</height>
		<depth>3</depth>
	</size>
	<segmented>0</segmented>
	<object>
		<name>Coccinellidae</name>
		<pose>Unspecified</pose>
		<truncated>0</truncated>
		<difficult>0</difficult>
		<bndbox>
			<xmin>420</xmin>
			<ymin>227</ymin>
			<xmax>473</xmax>
			<ymax>278</ymax>
		</bndbox>
	</object>
</annotation>
