<annotation>
	<folder>INSECT12C</folder>
	<filename>img495.jpg</filename>
	<path>C:\INSECT12C\img495.jpg</path>
	<source>
		<database>Unknown</database>
	</source>
	<size>
		<width>800</width>
		<height>600</height>
		<depth>3</depth>
	</size>
	<segmented>0</segmented>
	<object>
		<name>Euschistus_heros_adulto</name>
		<pose>Unspecified</pose>
		<truncated>0</truncated>
		<difficult>0</difficult>
		<bndbox>
			<xmin>337</xmin>
			<ymin>354</ymin>
			<xmax>407</xmax>
			<ymax>414</ymax>
		</bndbox>
	</object>
	<object>
		<name>Spodoptera_albula</name>
		<pose>Unspecified</pose>
		<truncated>0</truncated>
		<difficult>0</difficult>
		<bndbox>
			<xmin>330</xmin>
			<ymin>270</ymin>
			<xmax>404</xmax>
			<ymax>313</ymax>
		</bndbox>
	</object>
</annotation>
