<annotation>
	<folder>INSECT12C</folder>
	<filename>img455.jpg</filename>
	<path>C:\INSECT12C\img455.jpg</path>
	<source>
		<database>Unknown</database>
	</source>
	<size>
		<width>800</width>
		<height>600</height>
		<depth>3</depth>
	</size>
	<segmented>0</segmented>
	<object>
		<name>Euschistus_heros_ninfa</name>
		<pose>Unspecified</pose>
		<truncated>0</truncated>
		<difficult>0</difficult>
		<bndbox>
			<xmin>640</xmin>
			<ymin>270</ymin>
			<xmax>692</xmax>
			<ymax>315</ymax>
		</bndbox>
	</object>
	<object>
		<name>Edessa_meditabunda</name>
		<pose>Unspecified</pose>
		<truncated>0</truncated>
		<difficult>0</difficult>
		<bndbox>
			<xmin>333</xmin>
			<ymin>358</ymin>
			<xmax>407</xmax>
			<ymax>413</ymax>
		</bndbox>
	</object>
</annotation>
