<annotation>
	<folder>INSECT12C</folder>
	<filename>img522.jpg</filename>
	<path>C:\INSECT12C\img522.jpg</path>
	<source>
		<database>Unknown</database>
	</source>
	<size>
		<width>600</width>
		<height>800</height>
		<depth>3</depth>
	</size>
	<segmented>0</segmented>
	<object>
		<name>Spodoptera_albula</name>
		<pose>Unspecified</pose>
		<truncated>0</truncated>
		<difficult>0</difficult>
		<bndbox>
			<xmin>191</xmin>
			<ymin>525</ymin>
			<xmax>228</xmax>
			<ymax>580</ymax>
		</bndbox>
	</object>
	<object>
		<name>Coccinellidae</name>
		<pose>Unspecified</pose>
		<truncated>0</truncated>
		<difficult>0</difficult>
		<bndbox>
			<xmin>290</xmin>
			<ymin>418</ymin>
			<xmax>330</xmax>
			<ymax>455</ymax>
		</bndbox>
	</object>
</annotation>
