<annotation>
	<folder>INSECT12C</folder>
	<filename>img574.jpg</filename>
	<path>C:\INSECT12C\img574.jpg</path>
	<source>
		<database>Unknown</database>
	</source>
	<size>
		<width>600</width>
		<height>800</height>
		<depth>3</depth>
	</size>
	<segmented>0</segmented>
	<object>
		<name>Euschistus_heros_adulto</name>
		<pose>Unspecified</pose>
		<truncated>0</truncated>
		<difficult>0</difficult>
		<bndbox>
			<xmin>147</xmin>
			<ymin>49</ymin>
			<xmax>191</xmax>
			<ymax>90</ymax>
		</bndbox>
	</object>
	<object>
		<name>Gastropoda</name>
		<pose>Unspecified</pose>
		<truncated>0</truncated>
		<difficult>0</difficult>
		<bndbox>
			<xmin>282</xmin>
			<ymin>355</ymin>
			<xmax>370</xmax>
			<ymax>428</ymax>
		</bndbox>
	</object>
</annotation>
