<annotation>
	<folder>INSECT12C</folder>
	<filename>img549.jpg</filename>
	<path>C:\INSECT12C\img549.jpg</path>
	<source>
		<database>Unknown</database>
	</source>
	<size>
		<width>600</width>
		<height>800</height>
		<depth>3</depth>
	</size>
	<segmented>0</segmented>
	<object>
		<name>Gastropoda</name>
		<pose>Unspecified</pose>
		<truncated>0</truncated>
		<difficult>0</difficult>
		<bndbox>
			<xmin>328</xmin>
			<ymin>255</ymin>
			<xmax>428</xmax>
			<ymax>336</ymax>
		</bndbox>
	</object>
	<object>
		<name>Euschistus_heros_adulto</name>
		<pose>Unspecified</pose>
		<truncated>0</truncated>
		<difficult>0</difficult>
		<bndbox>
			<xmin>171</xmin>
			<ymin>108</ymin>
			<xmax>222</xmax>
			<ymax>160</ymax>
		</bndbox>
	</object>
</annotation>
