<annotation>
	<folder>INSECT12C</folder>
	<filename>img596.jpg</filename>
	<path>C:\INSECT12C\img596.jpg</path>
	<source>
		<database>Unknown</database>
	</source>
	<size>
		<width>600</width>
		<height>800</height>
		<depth>3</depth>
	</size>
	<segmented>0</segmented>
	<object>
		<name>Euschistus_heros_ninfa</name>
		<pose>Unspecified</pose>
		<truncated>0</truncated>
		<difficult>0</difficult>
		<bndbox>
			<xmin>289</xmin>
			<ymin>501</ymin>
			<xmax>338</xmax>
			<ymax>547</ymax>
		</bndbox>
	</object>
	<object>
		<name>Euschistus_heros_ninfa</name>
		<pose>Unspecified</pose>
		<truncated>0</truncated>
		<difficult>0</difficult>
		<bndbox>
			<xmin>310</xmin>
			<ymin>545</ymin>
			<xmax>361</xmax>
			<ymax>592</ymax>
		</bndbox>
	</object>
	<object>
		<name>Euschistus_heros_ninfa</name>
		<pose>Unspecified</pose>
		<truncated>0</truncated>
		<difficult>0</difficult>
		<bndbox>
			<xmin>20</xmin>
			<ymin>171</ymin>
			<xmax>61</xmax>
			<ymax>205</ymax>
		</bndbox>
	</object>
	<object>
		<name>Euschistus_heros_ninfa</name>
		<pose>Unspecified</pose>
		<truncated>0</truncated>
		<difficult>0</difficult>
		<bndbox>
			<xmin>513</xmin>
			<ymin>269</ymin>
			<xmax>538</xmax>
			<ymax>296</ymax>
		</bndbox>
	</object>
	<object>
		<name>Rhammatocerus_schistocercoides</name>
		<pose>Unspecified</pose>
		<truncated>0</truncated>
		<difficult>0</difficult>
		<bndbox>
			<xmin>283</xmin>
			<ymin>368</ymin>
			<xmax>334</xmax>
			<ymax>416</ymax>
		</bndbox>
	</object>
</annotation>
