<annotation>
	<folder>INSECT12C</folder>
	<filename>img546.jpg</filename>
	<path>C:\INSECT12C\img546.jpg</path>
	<source>
		<database>Unknown</database>
	</source>
	<size>
		<width>800</width>
		<height>600</height>
		<depth>3</depth>
	</size>
	<segmented>0</segmented>
	<object>
		<name>Anticarsia_gemmatalis</name>
		<pose>Unspecified</pose>
		<truncated>0</truncated>
		<difficult>0</difficult>
		<bndbox>
			<xmin>344</xmin>
			<ymin>289</ymin>
			<xmax>457</xmax>
			<ymax>360</ymax>
		</bndbox>
	</object>
	<object>
		<name>Euschistus_heros_adulto</name>
		<pose>Unspecified</pose>
		<truncated>1</truncated>
		<difficult>0</difficult>
		<bndbox>
			<xmin>632</xmin>
			<ymin>1</ymin>
			<xmax>677</xmax>
			<ymax>28</ymax>
		</bndbox>
	</object>
</annotation>
