<annotation>
	<folder>INSECT12C</folder>
	<filename>img565.jpg</filename>
	<path>C:\INSECT12C\img565.jpg</path>
	<source>
		<database>Unknown</database>
	</source>
	<size>
		<width>600</width>
		<height>800</height>
		<depth>3</depth>
	</size>
	<segmented>0</segmented>
	<object>
		<name>Rhammatocerus_schistocercoides</name>
		<pose>Unspecified</pose>
		<truncated>0</truncated>
		<difficult>0</difficult>
		<bndbox>
			<xmin>244</xmin>
			<ymin>405</ymin>
			<xmax>322</xmax>
			<ymax>519</ymax>
		</bndbox>
	</object>
</annotation>
