<annotation>
	<folder>INSECT12C</folder>
	<filename>img541.JPG</filename>
	<path>C:\INSECT12C\img541.JPG</path>
	<source>
		<database>Unknown</database>
	</source>
	<size>
		<width>800</width>
		<height>600</height>
		<depth>3</depth>
	</size>
	<segmented>0</segmented>
	<object>
		<name>Gastropoda</name>
		<pose>Unspecified</pose>
		<truncated>0</truncated>
		<difficult>0</difficult>
		<bndbox>
			<xmin>381</xmin>
			<ymin>220</ymin>
			<xmax>433</xmax>
			<ymax>265</ymax>
		</bndbox>
	</object>
</annotation>
