<annotation>
	<folder>INSECT12C</folder>
	<filename>img554.jpg</filename>
	<path>C:\INSECT12C\img554.jpg</path>
	<source>
		<database>Unknown</database>
	</source>
	<size>
		<width>800</width>
		<height>600</height>
		<depth>3</depth>
	</size>
	<segmented>0</segmented>
	<object>
		<name>Euschistus_heros_adulto</name>
		<pose>Unspecified</pose>
		<truncated>0</truncated>
		<difficult>0</difficult>
		<bndbox>
			<xmin>580</xmin>
			<ymin>313</ymin>
			<xmax>644</xmax>
			<ymax>372</ymax>
		</bndbox>
	</object>
	<object>
		<name>Edessa_meditabunda</name>
		<pose>Unspecified</pose>
		<truncated>0</truncated>
		<difficult>0</difficult>
		<bndbox>
			<xmin>293</xmin>
			<ymin>295</ymin>
			<xmax>372</xmax>
			<ymax>362</ymax>
		</bndbox>
	</object>
</annotation>
