<annotation>
	<folder>INSECT12C</folder>
	<filename>img553.jpg</filename>
	<path>C:\INSECT12C\img553.jpg</path>
	<source>
		<database>Unknown</database>
	</source>
	<size>
		<width>800</width>
		<height>600</height>
		<depth>3</depth>
	</size>
	<segmented>0</segmented>
	<object>
		<name>Spodoptera_albula</name>
		<pose>Unspecified</pose>
		<truncated>0</truncated>
		<difficult>0</difficult>
		<bndbox>
			<xmin>384</xmin>
			<ymin>260</ymin>
			<xmax>519</xmax>
			<ymax>370</ymax>
		</bndbox>
	</object>
	<object>
		<name>Euschistus_heros_ninfa</name>
		<pose>Unspecified</pose>
		<truncated>0</truncated>
		<difficult>0</difficult>
		<bndbox>
			<xmin>689</xmin>
			<ymin>458</ymin>
			<xmax>736</xmax>
			<ymax>506</ymax>
		</bndbox>
	</object>
</annotation>
