<annotation>
	<folder>INSECT12C</folder>
	<filename>img600.jpg</filename>
	<path>C:\INSECT12C\img600.jpg</path>
	<source>
		<database>Unknown</database>
	</source>
	<size>
		<width>600</width>
		<height>800</height>
		<depth>3</depth>
	</size>
	<segmented>0</segmented>
	<object>
		<name>Rhammatocerus_schistocercoides</name>
		<pose>Unspecified</pose>
		<truncated>0</truncated>
		<difficult>0</difficult>
		<bndbox>
			<xmin>285</xmin>
			<ymin>356</ymin>
			<xmax>359</xmax>
			<ymax>443</ymax>
		</bndbox>
	</object>
	<object>
		<name>Euschistus_heros_ninfa</name>
		<pose>Unspecified</pose>
		<truncated>0</truncated>
		<difficult>0</difficult>
		<bndbox>
			<xmin>556</xmin>
			<ymin>219</ymin>
			<xmax>586</xmax>
			<ymax>254</ymax>
		</bndbox>
	</object>
</annotation>
