<annotation>
	<folder>INSECT12C</folder>
	<filename>img768.jpg</filename>
	<path>C:\INSECT12C\img768.jpg</path>
	<source>
		<database>Unknown</database>
	</source>
	<size>
		<width>600</width>
		<height>800</height>
		<depth>3</depth>
	</size>
	<segmented>0</segmented>
	<object>
		<name>Euschistus_heros_adulto</name>
		<pose>Unspecified</pose>
		<truncated>0</truncated>
		<difficult>0</difficult>
		<bndbox>
			<xmin>308</xmin>
			<ymin>200</ymin>
			<xmax>427</xmax>
			<ymax>297</ymax>
		</bndbox>
	</object>
	<object>
		<name>Euschistus_heros_adulto</name>
		<pose>Unspecified</pose>
		<truncated>0</truncated>
		<difficult>0</difficult>
		<bndbox>
			<xmin>204</xmin>
			<ymin>648</ymin>
			<xmax>300</xmax>
			<ymax>742</ymax>
		</bndbox>
	</object>
</annotation>
