<annotation>
	<folder>INSECT12C</folder>
	<filename>img770.jpg</filename>
	<path>C:\INSECT12C\img770.jpg</path>
	<source>
		<database>Unknown</database>
	</source>
	<size>
		<width>800</width>
		<height>600</height>
		<depth>3</depth>
	</size>
	<segmented>0</segmented>
	<object>
		<name>Gastropoda</name>
		<pose>Unspecified</pose>
		<truncated>0</truncated>
		<difficult>0</difficult>
		<bndbox>
			<xmin>141</xmin>
			<ymin>489</ymin>
			<xmax>309</xmax>
			<ymax>598</ymax>
		</bndbox>
	</object>
	<object>
		<name>Euschistus_heros_adulto</name>
		<pose>Unspecified</pose>
		<truncated>0</truncated>
		<difficult>0</difficult>
		<bndbox>
			<xmin>274</xmin>
			<ymin>4</ymin>
			<xmax>339</xmax>
			<ymax>72</ymax>
		</bndbox>
	</object>
</annotation>
