<annotation>
	<folder>INSECT12C</folder>
	<filename>img754.jpg</filename>
	<path>C:\INSECT12C\img754.jpg</path>
	<source>
		<database>Unknown</database>
	</source>
	<size>
		<width>600</width>
		<height>800</height>
		<depth>3</depth>
	</size>
	<segmented>0</segmented>
	<object>
		<name>Euschistus_heros_ninfa</name>
		<pose>Unspecified</pose>
		<truncated>0</truncated>
		<difficult>0</difficult>
		<bndbox>
			<xmin>204</xmin>
			<ymin>664</ymin>
			<xmax>249</xmax>
			<ymax>707</ymax>
		</bndbox>
	</object>
	<object>
		<name>Euschistus_heros_ninfa</name>
		<pose>Unspecified</pose>
		<truncated>0</truncated>
		<difficult>0</difficult>
		<bndbox>
			<xmin>206</xmin>
			<ymin>523</ymin>
			<xmax>251</xmax>
			<ymax>570</ymax>
		</bndbox>
	</object>
</annotation>
