<annotation>
	<folder>INSECT12C</folder>
	<filename>img786.jpg</filename>
	<path>C:\INSECT12C\img786.jpg</path>
	<source>
		<database>Unknown</database>
	</source>
	<size>
		<width>800</width>
		<height>600</height>
		<depth>3</depth>
	</size>
	<segmented>0</segmented>
	<object>
		<name>Euschistus_heros_adulto</name>
		<pose>Unspecified</pose>
		<truncated>0</truncated>
		<difficult>0</difficult>
		<bndbox>
			<xmin>316</xmin>
			<ymin>315</ymin>
			<xmax>370</xmax>
			<ymax>363</ymax>
		</bndbox>
	</object>
	<object>
		<name>Euschistus_heros_adulto</name>
		<pose>Unspecified</pose>
		<truncated>0</truncated>
		<difficult>0</difficult>
		<bndbox>
			<xmin>314</xmin>
			<ymin>261</ymin>
			<xmax>359</xmax>
			<ymax>312</ymax>
		</bndbox>
	</object>
</annotation>
