<annotation>
	<folder>INSECT12C</folder>
	<filename>img781.jpg</filename>
	<path>C:\INSECT12C\img781.jpg</path>
	<source>
		<database>Unknown</database>
	</source>
	<size>
		<width>800</width>
		<height>600</height>
		<depth>3</depth>
	</size>
	<segmented>0</segmented>
	<object>
		<name>Euschistus_heros_adulto</name>
		<pose>Unspecified</pose>
		<truncated>0</truncated>
		<difficult>0</difficult>
		<bndbox>
			<xmin>647</xmin>
			<ymin>182</ymin>
			<xmax>727</xmax>
			<ymax>276</ymax>
		</bndbox>
	</object>
	<object>
		<name>Euschistus_heros_adulto</name>
		<pose>Unspecified</pose>
		<truncated>0</truncated>
		<difficult>0</difficult>
		<bndbox>
			<xmin>379</xmin>
			<ymin>2</ymin>
			<xmax>436</xmax>
			<ymax>69</ymax>
		</bndbox>
	</object>
</annotation>
