<annotation>
	<folder>INSECT12C</folder>
	<filename>img874.jpg</filename>
	<path>C:\INSECT12C\img874.jpg</path>
	<source>
		<database>Unknown</database>
	</source>
	<size>
		<width>600</width>
		<height>800</height>
		<depth>3</depth>
	</size>
	<segmented>0</segmented>
	<object>
		<name>Anticarsia_gemmatalis</name>
		<pose>Unspecified</pose>
		<truncated>0</truncated>
		<difficult>0</difficult>
		<bndbox>
			<xmin>322</xmin>
			<ymin>349</ymin>
			<xmax>404</xmax>
			<ymax>460</ymax>
		</bndbox>
	</object>
	<object>
		<name>Euschistus_heros_adulto</name>
		<pose>Unspecified</pose>
		<truncated>0</truncated>
		<difficult>0</difficult>
		<bndbox>
			<xmin>238</xmin>
			<ymin>598</ymin>
			<xmax>265</xmax>
			<ymax>621</ymax>
		</bndbox>
	</object>
</annotation>
