<annotation>
	<folder>INSECT12C</folder>
	<filename>img859.jpg</filename>
	<path>C:\INSECT12C\img859.jpg</path>
	<source>
		<database>Unknown</database>
	</source>
	<size>
		<width>600</width>
		<height>800</height>
		<depth>3</depth>
	</size>
	<segmented>0</segmented>
	<object>
		<name>Anticarsia_gemmatalis</name>
		<pose>Unspecified</pose>
		<truncated>0</truncated>
		<difficult>0</difficult>
		<bndbox>
			<xmin>239</xmin>
			<ymin>317</ymin>
			<xmax>320</xmax>
			<ymax>393</ymax>
		</bndbox>
	</object>
	<object>
		<name>Euschistus_heros_ninfa</name>
		<pose>Unspecified</pose>
		<truncated>0</truncated>
		<difficult>0</difficult>
		<bndbox>
			<xmin>383</xmin>
			<ymin>408</ymin>
			<xmax>424</xmax>
			<ymax>444</ymax>
		</bndbox>
	</object>
</annotation>
