<annotation>
	<folder>INSECT12C</folder>
	<filename>img838.jpg</filename>
	<path>C:\INSECT12C\img838.jpg</path>
	<source>
		<database>Unknown</database>
	</source>
	<size>
		<width>800</width>
		<height>600</height>
		<depth>3</depth>
	</size>
	<segmented>0</segmented>
	<object>
		<name>Anticarsia_gemmatalis</name>
		<pose>Unspecified</pose>
		<truncated>0</truncated>
		<difficult>0</difficult>
		<bndbox>
			<xmin>276</xmin>
			<ymin>201</ymin>
			<xmax>419</xmax>
			<ymax>306</ymax>
		</bndbox>
	</object>
</annotation>
