<annotation>
	<folder>INSECT12C</folder>
	<filename>img843.jpg</filename>
	<path>C:\INSECT12C\img843.jpg</path>
	<source>
		<database>Unknown</database>
	</source>
	<size>
		<width>600</width>
		<height>800</height>
		<depth>3</depth>
	</size>
	<segmented>0</segmented>
	<object>
		<name>Gastropoda</name>
		<pose>Unspecified</pose>
		<truncated>0</truncated>
		<difficult>0</difficult>
		<bndbox>
			<xmin>215</xmin>
			<ymin>336</ymin>
			<xmax>307</xmax>
			<ymax>457</ymax>
		</bndbox>
	</object>
	<object>
		<name>Euschistus_heros_adulto</name>
		<pose>Unspecified</pose>
		<truncated>0</truncated>
		<difficult>0</difficult>
		<bndbox>
			<xmin>541</xmin>
			<ymin>255</ymin>
			<xmax>572</xmax>
			<ymax>279</ymax>
		</bndbox>
	</object>
</annotation>
