<annotation>
	<folder>INSECT12C</folder>
	<filename>img823.jpg</filename>
	<path>C:\INSECT12C\img823.jpg</path>
	<source>
		<database>Unknown</database>
	</source>
	<size>
		<width>600</width>
		<height>800</height>
		<depth>3</depth>
	</size>
	<segmented>0</segmented>
	<object>
		<name>Edessa_meditabunda</name>
		<pose>Unspecified</pose>
		<truncated>0</truncated>
		<difficult>0</difficult>
		<bndbox>
			<xmin>171</xmin>
			<ymin>317</ymin>
			<xmax>249</xmax>
			<ymax>414</ymax>
		</bndbox>
	</object>
</annotation>
