<annotation>
	<folder>INSECT12C</folder>
	<filename>img816.jpg</filename>
	<path>C:\INSECT12C\img816.jpg</path>
	<source>
		<database>Unknown</database>
	</source>
	<size>
		<width>800</width>
		<height>600</height>
		<depth>3</depth>
	</size>
	<segmented>0</segmented>
	<object>
		<name>Nezara_viridula_adulto</name>
		<pose>Unspecified</pose>
		<truncated>0</truncated>
		<difficult>0</difficult>
		<bndbox>
			<xmin>374</xmin>
			<ymin>325</ymin>
			<xmax>452</xmax>
			<ymax>388</ymax>
		</bndbox>
	</object>
	<object>
		<name>Euschistus_heros_ninfa</name>
		<pose>Unspecified</pose>
		<truncated>0</truncated>
		<difficult>0</difficult>
		<bndbox>
			<xmin>500</xmin>
			<ymin>191</ymin>
			<xmax>565</xmax>
			<ymax>242</ymax>
		</bndbox>
	</object>
</annotation>
