<annotation>
	<folder>INSECT12C</folder>
	<filename>img842.jpg</filename>
	<path>C:\INSECT12C\img842.jpg</path>
	<source>
		<database>Unknown</database>
	</source>
	<size>
		<width>600</width>
		<height>800</height>
		<depth>3</depth>
	</size>
	<segmented>0</segmented>
	<object>
		<name>Anticarsia_gemmatalis</name>
		<pose>Unspecified</pose>
		<truncated>0</truncated>
		<difficult>0</difficult>
		<bndbox>
			<xmin>283</xmin>
			<ymin>381</ymin>
			<xmax>332</xmax>
			<ymax>487</ymax>
		</bndbox>
	</object>
	<object>
		<name>Euschistus_heros_ninfa</name>
		<pose>Unspecified</pose>
		<truncated>0</truncated>
		<difficult>0</difficult>
		<bndbox>
			<xmin>332</xmin>
			<ymin>394</ymin>
			<xmax>362</xmax>
			<ymax>426</ymax>
		</bndbox>
	</object>
</annotation>
