<annotation>
	<folder>INSECT12C</folder>
	<filename>img863.jpg</filename>
	<path>C:\INSECT12C\img863.jpg</path>
	<source>
		<database>Unknown</database>
	</source>
	<size>
		<width>600</width>
		<height>800</height>
		<depth>3</depth>
	</size>
	<segmented>0</segmented>
	<object>
		<name>Euschistus_heros_adulto</name>
		<pose>Unspecified</pose>
		<truncated>0</truncated>
		<difficult>0</difficult>
		<bndbox>
			<xmin>255</xmin>
			<ymin>387</ymin>
			<xmax>299</xmax>
			<ymax>438</ymax>
		</bndbox>
	</object>
	<object>
		<name>Euschistus_heros_adulto</name>
		<pose>Unspecified</pose>
		<truncated>0</truncated>
		<difficult>0</difficult>
		<bndbox>
			<xmin>339</xmin>
			<ymin>208</ymin>
			<xmax>374</xmax>
			<ymax>246</ymax>
		</bndbox>
	</object>
</annotation>
