<annotation>
	<folder>INSECT12C</folder>
	<filename>img1087.jpg</filename>
	<path>C:\INSECT12C\img1087.jpg</path>
	<source>
		<database>Unknown</database>
	</source>
	<size>
		<width>800</width>
		<height>600</height>
		<depth>3</depth>
	</size>
	<segmented>0</segmented>
	<object>
		<name>Euschistus_heros_adulto</name>
		<pose>Unspecified</pose>
		<truncated>0</truncated>
		<difficult>0</difficult>
		<bndbox>
			<xmin>463</xmin>
			<ymin>366</ymin>
			<xmax>514</xmax>
			<ymax>408</ymax>
		</bndbox>
	</object>
	<object>
		<name>Euschistus_heros_adulto</name>
		<pose>Unspecified</pose>
		<truncated>0</truncated>
		<difficult>0</difficult>
		<bndbox>
			<xmin>276</xmin>
			<ymin>335</ymin>
			<xmax>304</xmax>
			<ymax>361</ymax>
		</bndbox>
	</object>
</annotation>
