<annotation>
	<folder>INSECT12C</folder>
	<filename>img1088.jpg</filename>
	<path>C:\INSECT12C\img1088.jpg</path>
	<source>
		<database>Unknown</database>
	</source>
	<size>
		<width>600</width>
		<height>800</height>
		<depth>3</depth>
	</size>
	<segmented>0</segmented>
	<object>
		<name>Euschistus_heros_ninfa</name>
		<pose>Unspecified</pose>
		<truncated>0</truncated>
		<difficult>0</difficult>
		<bndbox>
			<xmin>285</xmin>
			<ymin>398</ymin>
			<xmax>350</xmax>
			<ymax>472</ymax>
		</bndbox>
	</object>
	<object>
		<name>Euschistus_heros_ninfa</name>
		<pose>Unspecified</pose>
		<truncated>0</truncated>
		<difficult>0</difficult>
		<bndbox>
			<xmin>351</xmin>
			<ymin>594</ymin>
			<xmax>396</xmax>
			<ymax>655</ymax>
		</bndbox>
	</object>
</annotation>
