<annotation>
	<folder>INSECT12C</folder>
	<filename>img1100.jpg</filename>
	<path>C:\INSECT12C\img1100.jpg</path>
	<source>
		<database>Unknown</database>
	</source>
	<size>
		<width>600</width>
		<height>800</height>
		<depth>3</depth>
	</size>
	<segmented>0</segmented>
	<object>
		<name>Euschistus_heros_adulto</name>
		<pose>Unspecified</pose>
		<truncated>0</truncated>
		<difficult>0</difficult>
		<bndbox>
			<xmin>213</xmin>
			<ymin>220</ymin>
			<xmax>247</xmax>
			<ymax>252</ymax>
		</bndbox>
	</object>
	<object>
		<name>Anticarsia_gemmatalis</name>
		<pose>Unspecified</pose>
		<truncated>0</truncated>
		<difficult>0</difficult>
		<bndbox>
			<xmin>242</xmin>
			<ymin>451</ymin>
			<xmax>318</xmax>
			<ymax>546</ymax>
		</bndbox>
	</object>
</annotation>
