<annotation>
	<folder>INSECT12C</folder>
	<filename>img1178.jpg</filename>
	<path>C:\INSECT12C\img1178.jpg</path>
	<source>
		<database>Unknown</database>
	</source>
	<size>
		<width>600</width>
		<height>800</height>
		<depth>3</depth>
	</size>
	<segmented>0</segmented>
	<object>
		<name>Euschistus_heros_ninfa</name>
		<pose>Unspecified</pose>
		<truncated>0</truncated>
		<difficult>0</difficult>
		<bndbox>
			<xmin>286</xmin>
			<ymin>354</ymin>
			<xmax>319</xmax>
			<ymax>388</ymax>
		</bndbox>
	</object>
	<object>
		<name>Gastropoda</name>
		<pose>Unspecified</pose>
		<truncated>0</truncated>
		<difficult>0</difficult>
		<bndbox>
			<xmin>175</xmin>
			<ymin>738</ymin>
			<xmax>218</xmax>
			<ymax>773</ymax>
		</bndbox>
	</object>
</annotation>
