<annotation>
	<folder>INSECT12C</folder>
	<filename>img1086.jpg</filename>
	<path>C:\INSECT12C\img1086.jpg</path>
	<source>
		<database>Unknown</database>
	</source>
	<size>
		<width>800</width>
		<height>600</height>
		<depth>3</depth>
	</size>
	<segmented>0</segmented>
	<object>
		<name>Euschistus_heros_adulto</name>
		<pose>Unspecified</pose>
		<truncated>0</truncated>
		<difficult>0</difficult>
		<bndbox>
			<xmin>451</xmin>
			<ymin>244</ymin>
			<xmax>514</xmax>
			<ymax>320</ymax>
		</bndbox>
	</object>
	<object>
		<name>Euschistus_heros_adulto</name>
		<pose>Unspecified</pose>
		<truncated>0</truncated>
		<difficult>0</difficult>
		<bndbox>
			<xmin>293</xmin>
			<ymin>265</ymin>
			<xmax>329</xmax>
			<ymax>302</ymax>
		</bndbox>
	</object>
</annotation>
