<annotation>
	<folder>INSECT12C</folder>
	<filename>img1131.jpg</filename>
	<path>C:\INSECT12C\img1131.jpg</path>
	<source>
		<database>Unknown</database>
	</source>
	<size>
		<width>600</width>
		<height>800</height>
		<depth>3</depth>
	</size>
	<segmented>0</segmented>
	<object>
		<name>Euschistus_heros_adulto</name>
		<pose>Unspecified</pose>
		<truncated>0</truncated>
		<difficult>0</difficult>
		<bndbox>
			<xmin>272</xmin>
			<ymin>457</ymin>
			<xmax>312</xmax>
			<ymax>498</ymax>
		</bndbox>
	</object>
	<object>
		<name>Euschistus_heros_ninfa</name>
		<pose>Unspecified</pose>
		<truncated>0</truncated>
		<difficult>0</difficult>
		<bndbox>
			<xmin>286</xmin>
			<ymin>236</ymin>
			<xmax>336</xmax>
			<ymax>280</ymax>
		</bndbox>
	</object>
</annotation>
