<annotation>
	<folder>INSECT12C</folder>
	<filename>img1078.jpg</filename>
	<path>C:\INSECT12C\img1078.jpg</path>
	<source>
		<database>Unknown</database>
	</source>
	<size>
		<width>800</width>
		<height>600</height>
		<depth>3</depth>
	</size>
	<segmented>0</segmented>
	<object>
		<name>Euschistus_heros_adulto</name>
		<pose>Unspecified</pose>
		<truncated>0</truncated>
		<difficult>0</difficult>
		<bndbox>
			<xmin>328</xmin>
			<ymin>316</ymin>
			<xmax>382</xmax>
			<ymax>370</ymax>
		</bndbox>
	</object>
</annotation>
