<annotation>
	<folder>INSECT12C</folder>
	<filename>img1138.jpg</filename>
	<path>C:\INSECT12C\img1138.jpg</path>
	<source>
		<database>Unknown</database>
	</source>
	<size>
		<width>600</width>
		<height>800</height>
		<depth>3</depth>
	</size>
	<segmented>0</segmented>
	<object>
		<name>Euschistus_heros_adulto</name>
		<pose>Unspecified</pose>
		<truncated>0</truncated>
		<difficult>0</difficult>
		<bndbox>
			<xmin>241</xmin>
			<ymin>310</ymin>
			<xmax>283</xmax>
			<ymax>352</ymax>
		</bndbox>
	</object>
	<object>
		<name>Euschistus_heros_ninfa</name>
		<pose>Unspecified</pose>
		<truncated>0</truncated>
		<difficult>0</difficult>
		<bndbox>
			<xmin>5</xmin>
			<ymin>126</ymin>
			<xmax>32</xmax>
			<ymax>151</ymax>
		</bndbox>
	</object>
</annotation>
