<annotation>
	<folder>INSECT12C</folder>
	<filename>img1161.jpg</filename>
	<path>C:\INSECT12C\img1161.jpg</path>
	<source>
		<database>Unknown</database>
	</source>
	<size>
		<width>800</width>
		<height>600</height>
		<depth>3</depth>
	</size>
	<segmented>0</segmented>
	<object>
		<name>Euschistus_heros_adulto</name>
		<pose>Unspecified</pose>
		<truncated>0</truncated>
		<difficult>0</difficult>
		<bndbox>
			<xmin>343</xmin>
			<ymin>278</ymin>
			<xmax>398</xmax>
			<ymax>329</ymax>
		</bndbox>
	</object>
	<object>
		<name>Euschistus_heros_adulto</name>
		<pose>Unspecified</pose>
		<truncated>0</truncated>
		<difficult>0</difficult>
		<bndbox>
			<xmin>572</xmin>
			<ymin>381</ymin>
			<xmax>651</xmax>
			<ymax>463</ymax>
		</bndbox>
	</object>
</annotation>
