<annotation>
	<folder>INSECT12C</folder>
	<filename>img1185.jpg</filename>
	<path>C:\INSECT12C\img1185.jpg</path>
	<source>
		<database>Unknown</database>
	</source>
	<size>
		<width>600</width>
		<height>800</height>
		<depth>3</depth>
	</size>
	<segmented>0</segmented>
	<object>
		<name>Euschistus_heros_adulto</name>
		<pose>Unspecified</pose>
		<truncated>0</truncated>
		<difficult>0</difficult>
		<bndbox>
			<xmin>59</xmin>
			<ymin>589</ymin>
			<xmax>89</xmax>
			<ymax>619</ymax>
		</bndbox>
	</object>
	<object>
		<name>Euschistus_heros_adulto</name>
		<pose>Unspecified</pose>
		<truncated>0</truncated>
		<difficult>0</difficult>
		<bndbox>
			<xmin>344</xmin>
			<ymin>291</ymin>
			<xmax>383</xmax>
			<ymax>331</ymax>
		</bndbox>
	</object>
</annotation>
