<annotation>
	<folder>INSECT12C</folder>
	<filename>img1134.jpg</filename>
	<path>C:\INSECT12C\img1134.jpg</path>
	<source>
		<database>Unknown</database>
	</source>
	<size>
		<width>600</width>
		<height>800</height>
		<depth>3</depth>
	</size>
	<segmented>0</segmented>
	<object>
		<name>Euschistus_heros_adulto</name>
		<pose>Unspecified</pose>
		<truncated>0</truncated>
		<difficult>0</difficult>
		<bndbox>
			<xmin>474</xmin>
			<ymin>489</ymin>
			<xmax>519</xmax>
			<ymax>539</ymax>
		</bndbox>
	</object>
	<object>
		<name>Gastropoda</name>
		<pose>Unspecified</pose>
		<truncated>0</truncated>
		<difficult>0</difficult>
		<bndbox>
			<xmin>277</xmin>
			<ymin>395</ymin>
			<xmax>328</xmax>
			<ymax>451</ymax>
		</bndbox>
	</object>
	<object>
		<name>Euschistus_heros_ninfa</name>
		<pose>Unspecified</pose>
		<truncated>0</truncated>
		<difficult>0</difficult>
		<bndbox>
			<xmin>179</xmin>
			<ymin>121</ymin>
			<xmax>210</xmax>
			<ymax>152</ymax>
		</bndbox>
	</object>
</annotation>
