<annotation>
	<folder>INSECT12C</folder>
	<filename>img1168.jpg</filename>
	<path>C:\INSECT12C\img1168.jpg</path>
	<source>
		<database>Unknown</database>
	</source>
	<size>
		<width>600</width>
		<height>800</height>
		<depth>3</depth>
	</size>
	<segmented>0</segmented>
	<object>
		<name>Euschistus_heros_ninfa</name>
		<pose>Unspecified</pose>
		<truncated>0</truncated>
		<difficult>0</difficult>
		<bndbox>
			<xmin>45</xmin>
			<ymin>715</ymin>
			<xmax>80</xmax>
			<ymax>758</ymax>
		</bndbox>
	</object>
	<object>
		<name>Anticarsia_gemmatalis</name>
		<pose>Unspecified</pose>
		<truncated>0</truncated>
		<difficult>0</difficult>
		<bndbox>
			<xmin>160</xmin>
			<ymin>458</ymin>
			<xmax>272</xmax>
			<ymax>510</ymax>
		</bndbox>
	</object>
</annotation>
