<annotation>
	<folder>INSECT12C</folder>
	<filename>img1108.jpg</filename>
	<path>C:\INSECT12C\img1108.jpg</path>
	<source>
		<database>Unknown</database>
	</source>
	<size>
		<width>800</width>
		<height>600</height>
		<depth>3</depth>
	</size>
	<segmented>0</segmented>
	<object>
		<name>Euschistus_heros_ninfa</name>
		<pose>Unspecified</pose>
		<truncated>0</truncated>
		<difficult>0</difficult>
		<bndbox>
			<xmin>427</xmin>
			<ymin>232</ymin>
			<xmax>464</xmax>
			<ymax>266</ymax>
		</bndbox>
	</object>
</annotation>
