<annotation>
	<folder>INSECT12C</folder>
	<filename>img1106.jpg</filename>
	<path>C:\INSECT12C\img1106.jpg</path>
	<source>
		<database>Unknown</database>
	</source>
	<size>
		<width>800</width>
		<height>600</height>
		<depth>3</depth>
	</size>
	<segmented>0</segmented>
	<object>
		<name>Euschistus_heros_adulto</name>
		<pose>Unspecified</pose>
		<truncated>0</truncated>
		<difficult>0</difficult>
		<bndbox>
			<xmin>381</xmin>
			<ymin>359</ymin>
			<xmax>413</xmax>
			<ymax>391</ymax>
		</bndbox>
	</object>
	<object>
		<name>Euschistus_heros_ninfa</name>
		<pose>Unspecified</pose>
		<truncated>0</truncated>
		<difficult>0</difficult>
		<bndbox>
			<xmin>400</xmin>
			<ymin>203</ymin>
			<xmax>436</xmax>
			<ymax>236</ymax>
		</bndbox>
	</object>
</annotation>
