<annotation>
	<folder>INSECT12C</folder>
	<filename>img1085.jpg</filename>
	<path>C:\INSECT12C\img1085.jpg</path>
	<source>
		<database>Unknown</database>
	</source>
	<size>
		<width>800</width>
		<height>600</height>
		<depth>3</depth>
	</size>
	<segmented>0</segmented>
	<object>
		<name>Euschistus_heros_ninfa</name>
		<pose>Unspecified</pose>
		<truncated>0</truncated>
		<difficult>0</difficult>
		<bndbox>
			<xmin>283</xmin>
			<ymin>303</ymin>
			<xmax>328</xmax>
			<ymax>348</ymax>
		</bndbox>
	</object>
</annotation>
