<annotation>
	<folder>INSECT12C</folder>
	<filename>img1146.jpg</filename>
	<path>C:\INSECT12C\img1146.jpg</path>
	<source>
		<database>Unknown</database>
	</source>
	<size>
		<width>600</width>
		<height>800</height>
		<depth>3</depth>
	</size>
	<segmented>0</segmented>
	<object>
		<name>Euschistus_heros_ninfa</name>
		<pose>Unspecified</pose>
		<truncated>0</truncated>
		<difficult>0</difficult>
		<bndbox>
			<xmin>229</xmin>
			<ymin>395</ymin>
			<xmax>261</xmax>
			<ymax>423</ymax>
		</bndbox>
	</object>
	<object>
		<name>Euschistus_heros_ninfa</name>
		<pose>Unspecified</pose>
		<truncated>0</truncated>
		<difficult>0</difficult>
		<bndbox>
			<xmin>321</xmin>
			<ymin>246</ymin>
			<xmax>358</xmax>
			<ymax>286</ymax>
		</bndbox>
	</object>
</annotation>
