<annotation>
	<folder>INSECT12C</folder>
	<filename>img1109.jpg</filename>
	<path>C:\INSECT12C\img1109.jpg</path>
	<source>
		<database>Unknown</database>
	</source>
	<size>
		<width>600</width>
		<height>800</height>
		<depth>3</depth>
	</size>
	<segmented>0</segmented>
	<object>
		<name>Euschistus_heros_adulto</name>
		<pose>Unspecified</pose>
		<truncated>0</truncated>
		<difficult>0</difficult>
		<bndbox>
			<xmin>254</xmin>
			<ymin>379</ymin>
			<xmax>287</xmax>
			<ymax>414</ymax>
		</bndbox>
	</object>
	<object>
		<name>Euschistus_heros_ninfa</name>
		<pose>Unspecified</pose>
		<truncated>0</truncated>
		<difficult>0</difficult>
		<bndbox>
			<xmin>287</xmin>
			<ymin>378</ymin>
			<xmax>302</xmax>
			<ymax>396</ymax>
		</bndbox>
	</object>
</annotation>
