<annotation>
	<folder>INSECT12C</folder>
	<filename>img1066.JPG</filename>
	<path>C:\INSECT12C\img1066.JPG</path>
	<source>
		<database>Unknown</database>
	</source>
	<size>
		<width>800</width>
		<height>600</height>
		<depth>3</depth>
	</size>
	<segmented>0</segmented>
	<object>
		<name>Euschistus_heros_ninfa</name>
		<pose>Unspecified</pose>
		<truncated>0</truncated>
		<difficult>0</difficult>
		<bndbox>
			<xmin>395</xmin>
			<ymin>329</ymin>
			<xmax>432</xmax>
			<ymax>370</ymax>
		</bndbox>
	</object>
	<object>
		<name>Euschistus_heros_ninfa</name>
		<pose>Unspecified</pose>
		<truncated>0</truncated>
		<difficult>0</difficult>
		<bndbox>
			<xmin>539</xmin>
			<ymin>228</ymin>
			<xmax>567</xmax>
			<ymax>258</ymax>
		</bndbox>
	</object>
</annotation>
