<annotation>
	<folder>INSECT12C</folder>
	<filename>img1115.jpg</filename>
	<path>C:\INSECT12C\img1115.jpg</path>
	<source>
		<database>Unknown</database>
	</source>
	<size>
		<width>600</width>
		<height>800</height>
		<depth>3</depth>
	</size>
	<segmented>0</segmented>
	<object>
		<name>Euschistus_heros_adulto</name>
		<pose>Unspecified</pose>
		<truncated>0</truncated>
		<difficult>0</difficult>
		<bndbox>
			<xmin>280</xmin>
			<ymin>318</ymin>
			<xmax>320</xmax>
			<ymax>357</ymax>
		</bndbox>
	</object>
	<object>
		<name>Euschistus_heros_adulto</name>
		<pose>Unspecified</pose>
		<truncated>0</truncated>
		<difficult>0</difficult>
		<bndbox>
			<xmin>212</xmin>
			<ymin>570</ymin>
			<xmax>241</xmax>
			<ymax>596</ymax>
		</bndbox>
	</object>
</annotation>
