<annotation>
	<folder>INSECT12C</folder>
	<filename>img1127.jpg</filename>
	<path>C:\INSECT12C\img1127.jpg</path>
	<source>
		<database>Unknown</database>
	</source>
	<size>
		<width>600</width>
		<height>800</height>
		<depth>3</depth>
	</size>
	<segmented>0</segmented>
	<object>
		<name>Euschistus_heros_adulto</name>
		<pose>Unspecified</pose>
		<truncated>0</truncated>
		<difficult>0</difficult>
		<bndbox>
			<xmin>379</xmin>
			<ymin>22</ymin>
			<xmax>413</xmax>
			<ymax>63</ymax>
		</bndbox>
	</object>
	<object>
		<name>Euschistus_heros_ninfa</name>
		<pose>Unspecified</pose>
		<truncated>0</truncated>
		<difficult>0</difficult>
		<bndbox>
			<xmin>264</xmin>
			<ymin>393</ymin>
			<xmax>298</xmax>
			<ymax>427</ymax>
		</bndbox>
	</object>
</annotation>
