<annotation>
	<folder>INSECT12C</folder>
	<filename>img1074.jpg</filename>
	<path>C:\INSECT12C\img1074.jpg</path>
	<source>
		<database>Unknown</database>
	</source>
	<size>
		<width>600</width>
		<height>800</height>
		<depth>3</depth>
	</size>
	<segmented>0</segmented>
	<object>
		<name>Euschistus_heros_adulto</name>
		<pose>Unspecified</pose>
		<truncated>0</truncated>
		<difficult>0</difficult>
		<bndbox>
			<xmin>222</xmin>
			<ymin>456</ymin>
			<xmax>273</xmax>
			<ymax>501</ymax>
		</bndbox>
	</object>
	<object>
		<name>Euschistus_heros_adulto</name>
		<pose>Unspecified</pose>
		<truncated>0</truncated>
		<difficult>0</difficult>
		<bndbox>
			<xmin>168</xmin>
			<ymin>139</ymin>
			<xmax>197</xmax>
			<ymax>168</ymax>
		</bndbox>
	</object>
</annotation>
