<annotation>
	<folder>INSECT12C</folder>
	<filename>img1130.jpg</filename>
	<path>C:\INSECT12C\img1130.jpg</path>
	<source>
		<database>Unknown</database>
	</source>
	<size>
		<width>800</width>
		<height>600</height>
		<depth>3</depth>
	</size>
	<segmented>0</segmented>
	<object>
		<name>Euschistus_heros_adulto</name>
		<pose>Unspecified</pose>
		<truncated>0</truncated>
		<difficult>0</difficult>
		<bndbox>
			<xmin>710</xmin>
			<ymin>24</ymin>
			<xmax>745</xmax>
			<ymax>53</ymax>
		</bndbox>
	</object>
	<object>
		<name>Euschistus_heros_adulto</name>
		<pose>Unspecified</pose>
		<truncated>0</truncated>
		<difficult>0</difficult>
		<bndbox>
			<xmin>131</xmin>
			<ymin>342</ymin>
			<xmax>162</xmax>
			<ymax>374</ymax>
		</bndbox>
	</object>
</annotation>
