<annotation>
	<folder>INSECT12C</folder>
	<filename>img1151.jpg</filename>
	<path>C:\INSECT12C\img1151.jpg</path>
	<source>
		<database>Unknown</database>
	</source>
	<size>
		<width>600</width>
		<height>800</height>
		<depth>3</depth>
	</size>
	<segmented>0</segmented>
	<object>
		<name>Euschistus_heros_ninfa</name>
		<pose>Unspecified</pose>
		<truncated>0</truncated>
		<difficult>0</difficult>
		<bndbox>
			<xmin>345</xmin>
			<ymin>580</ymin>
			<xmax>380</xmax>
			<ymax>615</ymax>
		</bndbox>
	</object>
	<object>
		<name>Gastropoda</name>
		<pose>Unspecified</pose>
		<truncated>0</truncated>
		<difficult>0</difficult>
		<bndbox>
			<xmin>275</xmin>
			<ymin>365</ymin>
			<xmax>338</xmax>
			<ymax>421</ymax>
		</bndbox>
	</object>
</annotation>
