<annotation>
	<folder>INSECT12C</folder>
	<filename>img13.jpg</filename>
	<path>C:\INSECT12C\img13.jpg</path>
	<source>
		<database>Unknown</database>
	</source>
	<size>
		<width>800</width>
		<height>600</height>
		<depth>3</depth>
	</size>
	<segmented>0</segmented>
	<object>
		<name>Lagria_villosa</name>
		<pose>Unspecified</pose>
		<truncated>0</truncated>
		<difficult>0</difficult>
		<bndbox>
			<xmin>360</xmin>
			<ymin>318</ymin>
			<xmax>410</xmax>
			<ymax>352</ymax>
		</bndbox>
	</object>
	<object>
		<name>Euschistus_heros_adulto</name>
		<pose>Unspecified</pose>
		<truncated>0</truncated>
		<difficult>0</difficult>
		<bndbox>
			<xmin>240</xmin>
			<ymin>375</ymin>
			<xmax>268</xmax>
			<ymax>401</ymax>
		</bndbox>
	</object>
</annotation>
