<annotation>
	<folder>INSECT12C</folder>
	<filename>img129.jpg</filename>
	<path>C:\INSECT12C\img129.jpg</path>
	<source>
		<database>Unknown</database>
	</source>
	<size>
		<width>800</width>
		<height>600</height>
		<depth>3</depth>
	</size>
	<segmented>0</segmented>
	<object>
		<name>Coccinellidae</name>
		<pose>Unspecified</pose>
		<truncated>0</truncated>
		<difficult>0</difficult>
		<bndbox>
			<xmin>20</xmin>
			<ymin>389</ymin>
			<xmax>78</xmax>
			<ymax>444</ymax>
		</bndbox>
	</object>
	<object>
		<name>Euschistus_heros_adulto</name>
		<pose>Unspecified</pose>
		<truncated>0</truncated>
		<difficult>0</difficult>
		<bndbox>
			<xmin>453</xmin>
			<ymin>403</ymin>
			<xmax>503</xmax>
			<ymax>444</ymax>
		</bndbox>
	</object>
</annotation>
