<annotation>
	<folder>INSECT12C</folder>
	<filename>img112.jpg</filename>
	<path>C:\INSECT12C\img112.jpg</path>
	<source>
		<database>Unknown</database>
	</source>
	<size>
		<width>600</width>
		<height>800</height>
		<depth>3</depth>
	</size>
	<segmented>0</segmented>
	<object>
		<name>Nezara_viridula_adulto</name>
		<pose>Unspecified</pose>
		<truncated>0</truncated>
		<difficult>0</difficult>
		<bndbox>
			<xmin>267</xmin>
			<ymin>296</ymin>
			<xmax>342</xmax>
			<ymax>362</ymax>
		</bndbox>
	</object>
	<object>
		<name>Nezara_viridula_adulto</name>
		<pose>Unspecified</pose>
		<truncated>0</truncated>
		<difficult>0</difficult>
		<bndbox>
			<xmin>3</xmin>
			<ymin>314</ymin>
			<xmax>67</xmax>
			<ymax>380</ymax>
		</bndbox>
	</object>
</annotation>
