<annotation>
	<folder>INSECT12C</folder>
	<filename>img12.jpg</filename>
	<path>C:\INSECT12C\img12.jpg</path>
	<source>
		<database>Unknown</database>
	</source>
	<size>
		<width>600</width>
		<height>800</height>
		<depth>3</depth>
	</size>
	<segmented>0</segmented>
	<object>
		<name>Lagria_villosa</name>
		<pose>Unspecified</pose>
		<truncated>0</truncated>
		<difficult>0</difficult>
		<bndbox>
			<xmin>303</xmin>
			<ymin>329</ymin>
			<xmax>357</xmax>
			<ymax>378</ymax>
		</bndbox>
	</object>
	<object>
		<name>Euschistus_heros_ninfa</name>
		<pose>Unspecified</pose>
		<truncated>0</truncated>
		<difficult>0</difficult>
		<bndbox>
			<xmin>277</xmin>
			<ymin>231</ymin>
			<xmax>325</xmax>
			<ymax>270</ymax>
		</bndbox>
	</object>
</annotation>
