<annotation>
	<folder>INSECT12C</folder>
	<filename>img133.jpg</filename>
	<path>C:\INSECT12C\img133.jpg</path>
	<source>
		<database>Unknown</database>
	</source>
	<size>
		<width>600</width>
		<height>800</height>
		<depth>3</depth>
	</size>
	<segmented>0</segmented>
	<object>
		<name>Nezara_viridula_adulto</name>
		<pose>Unspecified</pose>
		<truncated>0</truncated>
		<difficult>0</difficult>
		<bndbox>
			<xmin>157</xmin>
			<ymin>331</ymin>
			<xmax>249</xmax>
			<ymax>440</ymax>
		</bndbox>
	</object>
	<object>
		<name>Euschistus_heros_ninfa</name>
		<pose>Unspecified</pose>
		<truncated>0</truncated>
		<difficult>0</difficult>
		<bndbox>
			<xmin>515</xmin>
			<ymin>435</ymin>
			<xmax>548</xmax>
			<ymax>468</ymax>
		</bndbox>
	</object>
</annotation>
