<annotation>
	<folder>INSECT12C</folder>
	<filename>img23.JPG</filename>
	<path>C:\INSECT12C\img23.JPG</path>
	<source>
		<database>Unknown</database>
	</source>
	<size>
		<width>800</width>
		<height>600</height>
		<depth>3</depth>
	</size>
	<segmented>0</segmented>
	<object>
		<name>Lagria_villosa</name>
		<pose>Unspecified</pose>
		<truncated>0</truncated>
		<difficult>0</difficult>
		<bndbox>
			<xmin>279</xmin>
			<ymin>216</ymin>
			<xmax>400</xmax>
			<ymax>375</ymax>
		</bndbox>
	</object>
</annotation>
