<annotation>
	<folder>INSECT12C</folder>
	<filename>img21.jpg</filename>
	<path>C:\INSECT12C\img21.jpg</path>
	<source>
		<database>Unknown</database>
	</source>
	<size>
		<width>800</width>
		<height>600</height>
		<depth>3</depth>
	</size>
	<segmented>0</segmented>
	<object>
		<name>Lagria_villosa</name>
		<pose>Unspecified</pose>
		<truncated>0</truncated>
		<difficult>0</difficult>
		<bndbox>
			<xmin>428</xmin>
			<ymin>281</ymin>
			<xmax>483</xmax>
			<ymax>337</ymax>
		</bndbox>
	</object>
</annotation>
