<annotation>
	<folder>INSECT12C</folder>
	<filename>img44.JPG</filename>
	<path>C:\INSECT12C\img44.JPG</path>
	<source>
		<database>Unknown</database>
	</source>
	<size>
		<width>800</width>
		<height>600</height>
		<depth>3</depth>
	</size>
	<segmented>0</segmented>
	<object>
		<name>Euschistus_heros_adulto</name>
		<pose>Unspecified</pose>
		<truncated>0</truncated>
		<difficult>0</difficult>
		<bndbox>
			<xmin>388</xmin>
			<ymin>363</ymin>
			<xmax>457</xmax>
			<ymax>464</ymax>
		</bndbox>
	</object>
	<object>
		<name>Euschistus_heros_adulto</name>
		<pose>Unspecified</pose>
		<truncated>0</truncated>
		<difficult>0</difficult>
		<bndbox>
			<xmin>324</xmin>
			<ymin>322</ymin>
			<xmax>396</xmax>
			<ymax>455</ymax>
		</bndbox>
	</object>
</annotation>
