<annotation>
	<folder>INSECT12C</folder>
	<filename>img57.jpg</filename>
	<path>C:\INSECT12C\img57.jpg</path>
	<source>
		<database>Unknown</database>
	</source>
	<size>
		<width>800</width>
		<height>600</height>
		<depth>3</depth>
	</size>
	<segmented>0</segmented>
	<object>
		<name>Euschistus_heros_adulto</name>
		<pose>Unspecified</pose>
		<truncated>0</truncated>
		<difficult>0</difficult>
		<bndbox>
			<xmin>417</xmin>
			<ymin>301</ymin>
			<xmax>524</xmax>
			<ymax>404</ymax>
		</bndbox>
	</object>
</annotation>
