<annotation>
	<folder>INSECT12C</folder>
	<filename>img55.jpg</filename>
	<path>C:\INSECT12C\img55.jpg</path>
	<source>
		<database>Unknown</database>
	</source>
	<size>
		<width>600</width>
		<height>800</height>
		<depth>3</depth>
	</size>
	<segmented>0</segmented>
	<object>
		<name>Nezara_viridula_adulto</name>
		<pose>Unspecified</pose>
		<truncated>0</truncated>
		<difficult>0</difficult>
		<bndbox>
			<xmin>306</xmin>
			<ymin>347</ymin>
			<xmax>363</xmax>
			<ymax>405</ymax>
		</bndbox>
	</object>
	<object>
		<name>Euschistus_heros_ninfa</name>
		<pose>Unspecified</pose>
		<truncated>0</truncated>
		<difficult>0</difficult>
		<bndbox>
			<xmin>93</xmin>
			<ymin>738</ymin>
			<xmax>122</xmax>
			<ymax>772</ymax>
		</bndbox>
	</object>
</annotation>
