<annotation>
	<folder>INSECT12C</folder>
	<filename>img78.jpg</filename>
	<path>C:\INSECT12C\img78.jpg</path>
	<source>
		<database>Unknown</database>
	</source>
	<size>
		<width>800</width>
		<height>600</height>
		<depth>3</depth>
	</size>
	<segmented>0</segmented>
	<object>
		<name>Nezara_viridula_ninfa</name>
		<pose>Unspecified</pose>
		<truncated>0</truncated>
		<difficult>0</difficult>
		<bndbox>
			<xmin>339</xmin>
			<ymin>237</ymin>
			<xmax>431</xmax>
			<ymax>314</ymax>
		</bndbox>
	</object>
	<object>
		<name>Euschistus_heros_ninfa</name>
		<pose>Unspecified</pose>
		<truncated>0</truncated>
		<difficult>0</difficult>
		<bndbox>
			<xmin>195</xmin>
			<ymin>65</ymin>
			<xmax>239</xmax>
			<ymax>100</ymax>
		</bndbox>
	</object>
</annotation>
