<annotation>
	<folder>INSECT12C</folder>
	<filename>img88.jpg</filename>
	<path>C:\INSECT12C\img88.jpg</path>
	<source>
		<database>Unknown</database>
	</source>
	<size>
		<width>600</width>
		<height>800</height>
		<depth>3</depth>
	</size>
	<segmented>0</segmented>
	<object>
		<name>Nezara_viridula_adulto</name>
		<pose>Unspecified</pose>
		<truncated>0</truncated>
		<difficult>0</difficult>
		<bndbox>
			<xmin>223</xmin>
			<ymin>341</ymin>
			<xmax>305</xmax>
			<ymax>409</ymax>
		</bndbox>
	</object>
	<object>
		<name>Euschistus_heros_ninfa</name>
		<pose>Unspecified</pose>
		<truncated>0</truncated>
		<difficult>0</difficult>
		<bndbox>
			<xmin>57</xmin>
			<ymin>190</ymin>
			<xmax>87</xmax>
			<ymax>216</ymax>
		</bndbox>
	</object>
</annotation>
