<annotation>
	<folder>INSECT12C</folder>
	<filename>img83.jpg</filename>
	<path>C:\INSECT12C\img83.jpg</path>
	<source>
		<database>Unknown</database>
	</source>
	<size>
		<width>600</width>
		<height>800</height>
		<depth>3</depth>
	</size>
	<segmented>0</segmented>
	<object>
		<name>Anticarsia_gemmatalis</name>
		<pose>Unspecified</pose>
		<truncated>0</truncated>
		<difficult>0</difficult>
		<bndbox>
			<xmin>227</xmin>
			<ymin>387</ymin>
			<xmax>339</xmax>
			<ymax>441</ymax>
		</bndbox>
	</object>
	<object>
		<name>Euschistus_heros_ninfa</name>
		<pose>Unspecified</pose>
		<truncated>0</truncated>
		<difficult>0</difficult>
		<bndbox>
			<xmin>380</xmin>
			<ymin>567</ymin>
			<xmax>413</xmax>
			<ymax>598</ymax>
		</bndbox>
	</object>
</annotation>
