<annotation>
	<folder>INSECT12C</folder>
	<filename>img90.jpg</filename>
	<path>C:\INSECT12C\img90.jpg</path>
	<source>
		<database>Unknown</database>
	</source>
	<size>
		<width>600</width>
		<height>800</height>
		<depth>3</depth>
	</size>
	<segmented>0</segmented>
	<object>
		<name>Edessa_meditabunda</name>
		<pose>Unspecified</pose>
		<truncated>0</truncated>
		<difficult>0</difficult>
		<bndbox>
			<xmin>238</xmin>
			<ymin>479</ymin>
			<xmax>319</xmax>
			<ymax>596</ymax>
		</bndbox>
	</object>
	<object>
		<name>Euschistus_heros_ninfa</name>
		<pose>Unspecified</pose>
		<truncated>0</truncated>
		<difficult>0</difficult>
		<bndbox>
			<xmin>267</xmin>
			<ymin>319</ymin>
			<xmax>339</xmax>
			<ymax>411</ymax>
		</bndbox>
	</object>
</annotation>
