<annotation>
	<folder>INSECT12C</folder>
	<filename>img1776.jpg</filename>
	<path>C:\INSECT12C\img1776.jpg</path>
	<source>
		<database>Unknown</database>
	</source>
	<size>
		<width>600</width>
		<height>800</height>
		<depth>3</depth>
	</size>
	<segmented>0</segmented>
	<object>
		<name>Lagria_villosa</name>
		<pose>Unspecified</pose>
		<truncated>0</truncated>
		<difficult>0</difficult>
		<bndbox>
			<xmin>310</xmin>
			<ymin>230</ymin>
			<xmax>402</xmax>
			<ymax>307</ymax>
		</bndbox>
	</object>
	<object>
		<name>Euschistus_heros_adulto</name>
		<pose>Unspecified</pose>
		<truncated>0</truncated>
		<difficult>0</difficult>
		<bndbox>
			<xmin>224</xmin>
			<ymin>104</ymin>
			<xmax>307</xmax>
			<ymax>162</ymax>
		</bndbox>
	</object>
</annotation>
