<annotation>
	<folder>INSECT12C</folder>
	<filename>img1781.jpg</filename>
	<path>C:\INSECT12C\img1781.jpg</path>
	<source>
		<database>Unknown</database>
	</source>
	<size>
		<width>600</width>
		<height>800</height>
		<depth>3</depth>
	</size>
	<segmented>0</segmented>
	<object>
		<name>Euschistus_heros_adulto</name>
		<pose>Unspecified</pose>
		<truncated>0</truncated>
		<difficult>0</difficult>
		<bndbox>
			<xmin>435</xmin>
			<ymin>627</ymin>
			<xmax>482</xmax>
			<ymax>674</ymax>
		</bndbox>
	</object>
	<object>
		<name>Lagria_villosa</name>
		<pose>Unspecified</pose>
		<truncated>0</truncated>
		<difficult>0</difficult>
		<bndbox>
			<xmin>278</xmin>
			<ymin>383</ymin>
			<xmax>335</xmax>
			<ymax>427</ymax>
		</bndbox>
	</object>
	<object>
		<name>Euschistus_heros_adulto</name>
		<pose>Unspecified</pose>
		<truncated>0</truncated>
		<difficult>0</difficult>
		<bndbox>
			<xmin>236</xmin>
			<ymin>199</ymin>
			<xmax>292</xmax>
			<ymax>260</ymax>
		</bndbox>
	</object>
</annotation>
