<annotation>
	<folder>INSECT12C</folder>
	<filename>img1749.jpg</filename>
	<path>C:\INSECT12C\img1749.jpg</path>
	<source>
		<database>Unknown</database>
	</source>
	<size>
		<width>600</width>
		<height>800</height>
		<depth>3</depth>
	</size>
	<segmented>0</segmented>
	<object>
		<name>Euschistus_heros_ninfa</name>
		<pose>Unspecified</pose>
		<truncated>0</truncated>
		<difficult>0</difficult>
		<bndbox>
			<xmin>400</xmin>
			<ymin>163</ymin>
			<xmax>445</xmax>
			<ymax>203</ymax>
		</bndbox>
	</object>
	<object>
		<name>Lagria_villosa</name>
		<pose>Unspecified</pose>
		<truncated>0</truncated>
		<difficult>0</difficult>
		<bndbox>
			<xmin>263</xmin>
			<ymin>518</ymin>
			<xmax>342</xmax>
			<ymax>608</ymax>
		</bndbox>
	</object>
</annotation>
