<annotation>
	<folder>INSECT12C</folder>
	<filename>img1728.jpg</filename>
	<path>C:\INSECT12C\img1728.jpg</path>
	<source>
		<database>Unknown</database>
	</source>
	<size>
		<width>600</width>
		<height>800</height>
		<depth>3</depth>
	</size>
	<segmented>0</segmented>
	<object>
		<name>Euschistus_heros_ninfa</name>
		<pose>Unspecified</pose>
		<truncated>0</truncated>
		<difficult>0</difficult>
		<bndbox>
			<xmin>210</xmin>
			<ymin>357</ymin>
			<xmax>257</xmax>
			<ymax>398</ymax>
		</bndbox>
	</object>
	<object>
		<name>Euschistus_heros_ninfa</name>
		<pose>Unspecified</pose>
		<truncated>0</truncated>
		<difficult>0</difficult>
		<bndbox>
			<xmin>252</xmin>
			<ymin>395</ymin>
			<xmax>290</xmax>
			<ymax>428</ymax>
		</bndbox>
	</object>
</annotation>
