<annotation>
	<folder>INSECT12C</folder>
	<filename>img1707.jpg</filename>
	<path>C:\INSECT12C\img1707.jpg</path>
	<source>
		<database>Unknown</database>
	</source>
	<size>
		<width>600</width>
		<height>800</height>
		<depth>3</depth>
	</size>
	<segmented>0</segmented>
	<object>
		<name>Euschistus_heros_ninfa</name>
		<pose>Unspecified</pose>
		<truncated>0</truncated>
		<difficult>0</difficult>
		<bndbox>
			<xmin>52</xmin>
			<ymin>214</ymin>
			<xmax>71</xmax>
			<ymax>235</ymax>
		</bndbox>
	</object>
	<object>
		<name>Euschistus_heros_adulto</name>
		<pose>Unspecified</pose>
		<truncated>0</truncated>
		<difficult>0</difficult>
		<bndbox>
			<xmin>196</xmin>
			<ymin>139</ymin>
			<xmax>249</xmax>
			<ymax>197</ymax>
		</bndbox>
	</object>
</annotation>
