<annotation>
	<folder>INSECT12C</folder>
	<filename>img1790.jpg</filename>
	<path>C:\INSECT12C\img1790.jpg</path>
	<source>
		<database>Unknown</database>
	</source>
	<size>
		<width>600</width>
		<height>800</height>
		<depth>3</depth>
	</size>
	<segmented>0</segmented>
	<object>
		<name>Euschistus_heros_adulto</name>
		<pose>Unspecified</pose>
		<truncated>0</truncated>
		<difficult>0</difficult>
		<bndbox>
			<xmin>230</xmin>
			<ymin>370</ymin>
			<xmax>277</xmax>
			<ymax>417</ymax>
		</bndbox>
	</object>
	<object>
		<name>Euschistus_heros_adulto</name>
		<pose>Unspecified</pose>
		<truncated>0</truncated>
		<difficult>0</difficult>
		<bndbox>
			<xmin>306</xmin>
			<ymin>405</ymin>
			<xmax>353</xmax>
			<ymax>447</ymax>
		</bndbox>
	</object>
</annotation>
