<annotation>
	<folder>INSECT12C</folder>
	<filename>img1674.jpg</filename>
	<path>C:\INSECT12C\img1674.jpg</path>
	<source>
		<database>Unknown</database>
	</source>
	<size>
		<width>600</width>
		<height>800</height>
		<depth>3</depth>
	</size>
	<segmented>0</segmented>
	<object>
		<name>Edessa_meditabunda</name>
		<pose>Unspecified</pose>
		<truncated>0</truncated>
		<difficult>0</difficult>
		<bndbox>
			<xmin>232</xmin>
			<ymin>303</ymin>
			<xmax>288</xmax>
			<ymax>369</ymax>
		</bndbox>
	</object>
	<object>
		<name>Anticarsia_gemmatalis</name>
		<pose>Unspecified</pose>
		<truncated>0</truncated>
		<difficult>0</difficult>
		<bndbox>
			<xmin>314</xmin>
			<ymin>707</ymin>
			<xmax>359</xmax>
			<ymax>742</ymax>
		</bndbox>
	</object>
</annotation>
