<annotation>
	<folder>INSECT12C</folder>
	<filename>img1679.jpg</filename>
	<path>C:\INSECT12C\img1679.jpg</path>
	<source>
		<database>Unknown</database>
	</source>
	<size>
		<width>600</width>
		<height>800</height>
		<depth>3</depth>
	</size>
	<segmented>0</segmented>
	<object>
		<name>Euschistus_heros_ninfa</name>
		<pose>Unspecified</pose>
		<truncated>0</truncated>
		<difficult>0</difficult>
		<bndbox>
			<xmin>182</xmin>
			<ymin>389</ymin>
			<xmax>207</xmax>
			<ymax>418</ymax>
		</bndbox>
	</object>
	<object>
		<name>Euschistus_heros_adulto</name>
		<pose>Unspecified</pose>
		<truncated>0</truncated>
		<difficult>0</difficult>
		<bndbox>
			<xmin>382</xmin>
			<ymin>341</ymin>
			<xmax>435</xmax>
			<ymax>401</ymax>
		</bndbox>
	</object>
</annotation>
