<annotation>
	<folder>INSECT12C</folder>
	<filename>img1769.jpg</filename>
	<path>C:\INSECT12C\img1769.jpg</path>
	<source>
		<database>Unknown</database>
	</source>
	<size>
		<width>600</width>
		<height>800</height>
		<depth>3</depth>
	</size>
	<segmented>0</segmented>
	<object>
		<name>Lagria_villosa</name>
		<pose>Unspecified</pose>
		<truncated>0</truncated>
		<difficult>0</difficult>
		<bndbox>
			<xmin>240</xmin>
			<ymin>255</ymin>
			<xmax>320</xmax>
			<ymax>353</ymax>
		</bndbox>
	</object>
</annotation>
