<annotation>
	<folder>INSECT12C</folder>
	<filename>img1738.jpg</filename>
	<path>C:\INSECT12C\img1738.jpg</path>
	<source>
		<database>Unknown</database>
	</source>
	<size>
		<width>600</width>
		<height>800</height>
		<depth>3</depth>
	</size>
	<segmented>0</segmented>
	<object>
		<name>Coccinellidae</name>
		<pose>Unspecified</pose>
		<truncated>0</truncated>
		<difficult>0</difficult>
		<bndbox>
			<xmin>191</xmin>
			<ymin>244</ymin>
			<xmax>256</xmax>
			<ymax>317</ymax>
		</bndbox>
	</object>
	<object>
		<name>Euschistus_heros_adulto</name>
		<pose>Unspecified</pose>
		<truncated>0</truncated>
		<difficult>0</difficult>
		<bndbox>
			<xmin>455</xmin>
			<ymin>121</ymin>
			<xmax>498</xmax>
			<ymax>158</ymax>
		</bndbox>
	</object>
</annotation>
