<annotation>
	<folder>INSECT12C</folder>
	<filename>img1787.jpg</filename>
	<path>C:\INSECT12C\img1787.jpg</path>
	<source>
		<database>Unknown</database>
	</source>
	<size>
		<width>600</width>
		<height>800</height>
		<depth>3</depth>
	</size>
	<segmented>0</segmented>
	<object>
		<name>Euschistus_heros_ninfa</name>
		<pose>Unspecified</pose>
		<truncated>0</truncated>
		<difficult>0</difficult>
		<bndbox>
			<xmin>342</xmin>
			<ymin>659</ymin>
			<xmax>375</xmax>
			<ymax>689</ymax>
		</bndbox>
	</object>
	<object>
		<name>Lagria_villosa</name>
		<pose>Unspecified</pose>
		<truncated>0</truncated>
		<difficult>0</difficult>
		<bndbox>
			<xmin>280</xmin>
			<ymin>394</ymin>
			<xmax>339</xmax>
			<ymax>437</ymax>
		</bndbox>
	</object>
</annotation>
