<annotation>
	<folder>INSECT12C</folder>
	<filename>img1667.jpg</filename>
	<path>C:\INSECT12C\img1667.jpg</path>
	<source>
		<database>Unknown</database>
	</source>
	<size>
		<width>600</width>
		<height>800</height>
		<depth>3</depth>
	</size>
	<segmented>0</segmented>
	<object>
		<name>Euschistus_heros_ninfa</name>
		<pose>Unspecified</pose>
		<truncated>0</truncated>
		<difficult>0</difficult>
		<bndbox>
			<xmin>169</xmin>
			<ymin>430</ymin>
			<xmax>216</xmax>
			<ymax>475</ymax>
		</bndbox>
	</object>
	<object>
		<name>Anticarsia_gemmatalis</name>
		<pose>Unspecified</pose>
		<truncated>0</truncated>
		<difficult>0</difficult>
		<bndbox>
			<xmin>318</xmin>
			<ymin>374</ymin>
			<xmax>406</xmax>
			<ymax>462</ymax>
		</bndbox>
	</object>
</annotation>
