<annotation>
	<folder>INSECT12C</folder>
	<filename>img1794.JPG</filename>
	<path>C:\INSECT12C\img1794.JPG</path>
	<source>
		<database>Unknown</database>
	</source>
	<size>
		<width>800</width>
		<height>600</height>
		<depth>3</depth>
	</size>
	<segmented>0</segmented>
	<object>
		<name>Euschistus_heros_adulto</name>
		<pose>Unspecified</pose>
		<truncated>0</truncated>
		<difficult>0</difficult>
		<bndbox>
			<xmin>373</xmin>
			<ymin>361</ymin>
			<xmax>477</xmax>
			<ymax>468</ymax>
		</bndbox>
	</object>
	<object>
		<name>Euschistus_heros_adulto</name>
		<pose>Unspecified</pose>
		<truncated>0</truncated>
		<difficult>0</difficult>
		<bndbox>
			<xmin>351</xmin>
			<ymin>467</ymin>
			<xmax>444</xmax>
			<ymax>577</ymax>
		</bndbox>
	</object>
</annotation>
