<annotation>
	<folder>INSECT12C</folder>
	<filename>img1699.JPG</filename>
	<path>C:\INSECT12C\img1699.JPG</path>
	<source>
		<database>Unknown</database>
	</source>
	<size>
		<width>800</width>
		<height>600</height>
		<depth>3</depth>
	</size>
	<segmented>0</segmented>
	<object>
		<name>Euschistus_heros_ninfa</name>
		<pose>Unspecified</pose>
		<truncated>0</truncated>
		<difficult>0</difficult>
		<bndbox>
			<xmin>359</xmin>
			<ymin>250</ymin>
			<xmax>396</xmax>
			<ymax>289</ymax>
		</bndbox>
	</object>
</annotation>
