<annotation>
	<folder>INSECT12C</folder>
	<filename>img1757.jpg</filename>
	<path>C:\INSECT12C\img1757.jpg</path>
	<source>
		<database>Unknown</database>
	</source>
	<size>
		<width>600</width>
		<height>800</height>
		<depth>3</depth>
	</size>
	<segmented>0</segmented>
	<object>
		<name>Euschistus_heros_ninfa</name>
		<pose>Unspecified</pose>
		<truncated>0</truncated>
		<difficult>0</difficult>
		<bndbox>
			<xmin>275</xmin>
			<ymin>435</ymin>
			<xmax>342</xmax>
			<ymax>504</ymax>
		</bndbox>
	</object>
	<object>
		<name>Euschistus_heros_ninfa</name>
		<pose>Unspecified</pose>
		<truncated>0</truncated>
		<difficult>0</difficult>
		<bndbox>
			<xmin>150</xmin>
			<ymin>8</ymin>
			<xmax>192</xmax>
			<ymax>52</ymax>
		</bndbox>
	</object>
</annotation>
