<annotation>
	<folder>INSECT12C</folder>
	<filename>img1746.jpg</filename>
	<path>C:\INSECT12C\img1746.jpg</path>
	<source>
		<database>Unknown</database>
	</source>
	<size>
		<width>600</width>
		<height>800</height>
		<depth>3</depth>
	</size>
	<segmented>0</segmented>
	<object>
		<name>Anticarsia_gemmatalis</name>
		<pose>Unspecified</pose>
		<truncated>0</truncated>
		<difficult>0</difficult>
		<bndbox>
			<xmin>303</xmin>
			<ymin>342</ymin>
			<xmax>379</xmax>
			<ymax>426</ymax>
		</bndbox>
	</object>
	<object>
		<name>Euschistus_heros_adulto</name>
		<pose>Unspecified</pose>
		<truncated>0</truncated>
		<difficult>0</difficult>
		<bndbox>
			<xmin>209</xmin>
			<ymin>408</ymin>
			<xmax>233</xmax>
			<ymax>434</ymax>
		</bndbox>
	</object>
</annotation>
