<annotation>
	<folder>INSECT12C</folder>
	<filename>img1700.jpg</filename>
	<path>C:\INSECT12C\img1700.jpg</path>
	<source>
		<database>Unknown</database>
	</source>
	<size>
		<width>600</width>
		<height>800</height>
		<depth>3</depth>
	</size>
	<segmented>0</segmented>
	<object>
		<name>Gastropoda</name>
		<pose>Unspecified</pose>
		<truncated>0</truncated>
		<difficult>0</difficult>
		<bndbox>
			<xmin>242</xmin>
			<ymin>453</ymin>
			<xmax>334</xmax>
			<ymax>512</ymax>
		</bndbox>
	</object>
	<object>
		<name>Euschistus_heros_adulto</name>
		<pose>Unspecified</pose>
		<truncated>1</truncated>
		<difficult>0</difficult>
		<bndbox>
			<xmin>568</xmin>
			<ymin>428</ymin>
			<xmax>600</xmax>
			<ymax>477</ymax>
		</bndbox>
	</object>
</annotation>
