<annotation>
	<folder>INSECT12C</folder>
	<filename>img1770.jpg</filename>
	<path>C:\INSECT12C\img1770.jpg</path>
	<source>
		<database>Unknown</database>
	</source>
	<size>
		<width>800</width>
		<height>600</height>
		<depth>3</depth>
	</size>
	<segmented>0</segmented>
	<object>
		<name>Euschistus_heros_ninfa</name>
		<pose>Unspecified</pose>
		<truncated>0</truncated>
		<difficult>0</difficult>
		<bndbox>
			<xmin>505</xmin>
			<ymin>326</ymin>
			<xmax>568</xmax>
			<ymax>392</ymax>
		</bndbox>
	</object>
	<object>
		<name>Nezara_viridula_adulto</name>
		<pose>Unspecified</pose>
		<truncated>1</truncated>
		<difficult>0</difficult>
		<bndbox>
			<xmin>733</xmin>
			<ymin>388</ymin>
			<xmax>800</xmax>
			<ymax>461</ymax>
		</bndbox>
	</object>
</annotation>
