<annotation>
	<folder>INSECT12C</folder>
	<filename>img1795.jpg</filename>
	<path>C:\INSECT12C\img1795.jpg</path>
	<source>
		<database>Unknown</database>
	</source>
	<size>
		<width>600</width>
		<height>800</height>
		<depth>3</depth>
	</size>
	<segmented>0</segmented>
	<object>
		<name>Euschistus_heros_ninfa</name>
		<pose>Unspecified</pose>
		<truncated>0</truncated>
		<difficult>0</difficult>
		<bndbox>
			<xmin>321</xmin>
			<ymin>646</ymin>
			<xmax>357</xmax>
			<ymax>680</ymax>
		</bndbox>
	</object>
	<object>
		<name>Lagria_villosa</name>
		<pose>Unspecified</pose>
		<truncated>0</truncated>
		<difficult>0</difficult>
		<bndbox>
			<xmin>263</xmin>
			<ymin>352</ymin>
			<xmax>310</xmax>
			<ymax>405</ymax>
		</bndbox>
	</object>
</annotation>
