<annotation>
	<folder>INSECT12C</folder>
	<filename>img1719.jpg</filename>
	<path>C:\INSECT12C\img1719.jpg</path>
	<source>
		<database>Unknown</database>
	</source>
	<size>
		<width>598</width>
		<height>800</height>
		<depth>3</depth>
	</size>
	<segmented>0</segmented>
	<object>
		<name>Gastropoda</name>
		<pose>Unspecified</pose>
		<truncated>0</truncated>
		<difficult>0</difficult>
		<bndbox>
			<xmin>214</xmin>
			<ymin>333</ymin>
			<xmax>345</xmax>
			<ymax>439</ymax>
		</bndbox>
	</object>
</annotation>
