<annotation>
	<folder>INSECT12C</folder>
	<filename>img1743.jpg</filename>
	<path>C:\INSECT12C\img1743.jpg</path>
	<source>
		<database>Unknown</database>
	</source>
	<size>
		<width>600</width>
		<height>800</height>
		<depth>3</depth>
	</size>
	<segmented>0</segmented>
	<object>
		<name>Euschistus_heros_ninfa</name>
		<pose>Unspecified</pose>
		<truncated>0</truncated>
		<difficult>0</difficult>
		<bndbox>
			<xmin>284</xmin>
			<ymin>474</ymin>
			<xmax>304</xmax>
			<ymax>495</ymax>
		</bndbox>
	</object>
	<object>
		<name>Euschistus_heros_adulto</name>
		<pose>Unspecified</pose>
		<truncated>0</truncated>
		<difficult>0</difficult>
		<bndbox>
			<xmin>255</xmin>
			<ymin>302</ymin>
			<xmax>304</xmax>
			<ymax>355</ymax>
		</bndbox>
	</object>
</annotation>
