<annotation>
	<folder>INSECT12C</folder>
	<filename>img1665.jpg</filename>
	<path>C:\INSECT12C\img1665.jpg</path>
	<source>
		<database>Unknown</database>
	</source>
	<size>
		<width>600</width>
		<height>800</height>
		<depth>3</depth>
	</size>
	<segmented>0</segmented>
	<object>
		<name>Coccinellidae</name>
		<pose>Unspecified</pose>
		<truncated>0</truncated>
		<difficult>0</difficult>
		<bndbox>
			<xmin>257</xmin>
			<ymin>375</ymin>
			<xmax>280</xmax>
			<ymax>395</ymax>
		</bndbox>
	</object>
	<object>
		<name>Euschistus_heros_ninfa</name>
		<pose>Unspecified</pose>
		<truncated>0</truncated>
		<difficult>0</difficult>
		<bndbox>
			<xmin>541</xmin>
			<ymin>631</ymin>
			<xmax>565</xmax>
			<ymax>654</ymax>
		</bndbox>
	</object>
</annotation>
