<annotation>
	<folder>INSECT12C</folder>
	<filename>img1656.jpg</filename>
	<path>C:\INSECT12C\img1656.jpg</path>
	<source>
		<database>Unknown</database>
	</source>
	<size>
		<width>600</width>
		<height>800</height>
		<depth>3</depth>
	</size>
	<segmented>0</segmented>
	<object>
		<name>Euschistus_heros_ninfa</name>
		<pose>Unspecified</pose>
		<truncated>0</truncated>
		<difficult>0</difficult>
		<bndbox>
			<xmin>76</xmin>
			<ymin>185</ymin>
			<xmax>113</xmax>
			<ymax>215</ymax>
		</bndbox>
	</object>
	<object>
		<name>Euschistus_heros_adulto</name>
		<pose>Unspecified</pose>
		<truncated>0</truncated>
		<difficult>0</difficult>
		<bndbox>
			<xmin>244</xmin>
			<ymin>287</ymin>
			<xmax>275</xmax>
			<ymax>325</ymax>
		</bndbox>
	</object>
</annotation>
