<annotation>
	<folder>INSECT12C</folder>
	<filename>img1760.jpg</filename>
	<path>C:\INSECT12C\img1760.jpg</path>
	<source>
		<database>Unknown</database>
	</source>
	<size>
		<width>600</width>
		<height>800</height>
		<depth>3</depth>
	</size>
	<segmented>0</segmented>
	<object>
		<name>Lagria_villosa</name>
		<pose>Unspecified</pose>
		<truncated>0</truncated>
		<difficult>0</difficult>
		<bndbox>
			<xmin>269</xmin>
			<ymin>323</ymin>
			<xmax>339</xmax>
			<ymax>394</ymax>
		</bndbox>
	</object>
	<object>
		<name>Euschistus_heros_adulto</name>
		<pose>Unspecified</pose>
		<truncated>1</truncated>
		<difficult>0</difficult>
		<bndbox>
			<xmin>191</xmin>
			<ymin>750</ymin>
			<xmax>264</xmax>
			<ymax>800</ymax>
		</bndbox>
	</object>
</annotation>
